id,identidad,justificación identidad
1108,Baja,a veces no llega a fin de mes
356,Baja,CLASE ALTA ES CUANDO UNO TIENE ALGO Y YO TODAVIA NI UNA BICI TENGO
232,Baja,"DESDE LO ECONÓMICO, POR EL TIPO DE INGRESO, ADEMAS NO ME IDENTIFICO CON OTRAS CLASES, SOY TRABAJADORA, POR EL TIPO DE GUSTOS"
241,Baja,"no gano mucho, lo justo para vivir y hasta ahí"
620,Baja,no llega con la mínima.con una carrera de 20 años de servicio al darle el retiro cobra $1.800
377,Baja,no poder acceder a una vivienda ni a un crédito es que está lejos de todo derecho
1043,Baja,no tenemos nada.todo lo conseguimos trabajando
417,Baja,"NO TRABAJO, TENGUNA UNA PENSION MINIMA Y CON ESO VIVO"
577,Baja,pido lo justo y necesario
963,Baja,"por el barrio en que vive.los días de lluvia no llega limpia a la estación de glew, por el barrio que hay no entran ambulancias ni policías"
390,Baja,"POR EL INGRESO QUE UNO TIENE, UNO VIVE COMO PUEDE"
564,Baja,por el poder adquisitivo
835,Baja,por el sueldo
229,Baja,por la capacidad económica que maneja
775,Baja,"por la remuneración que tengo, son escasos los ingresos"
378,Baja,por la situación laboral y no poder acceder a préstamos para poder comprar su casa
834,Baja,por los ingresos.pocos ingresos
497,Baja,por los recursos que maneja
461,Baja,"por mi condición de excluido, y haga lo que haga sería clase obrera"
422,Baja,por mi trabajo y la plata que no me alcanza
1010,Baja,POR NO TENER ESTUDIOS
714,Baja,PORQUE CARECE DE MUCHAS COSAS Y NO TIENE UN TRABAJO QUE LA SAQUE DEL POZO
45,Baja,porque es muy difícil poder solventar muchas de mis necesidades
1045,Baja,porque estoy sin laburo.con dificultades económicas
1001,Baja,"porque la clase alta y media son las que tienen dinero, la clase baja son los que menos tienen"
41,Baja,porque las cosas que puedo conseguir son en base a muchísimo esfuerzo
334,Baja,PORQUE ME ALCANZA EL SUELDO SOLO PARA LOS GASTOS MINIMOS
785,Baja,PORQUE ME CONSIDERO HUMILDE
324,Baja,PORQUE ME LA PASO TRABAJANDO
933,Baja,PORQUE MI SUELDO ES MUY JUSTO
158,Baja,"PORQUE NO ALCANZA EL DINERO PARA COMPRARSE UNA CASA, YA ESO PARA MI ES BAJO"
743,Baja,PORQUE NO ALCANZA EL SUELDO
741,Baja,PORQUE NO LLEGA A FIN DE MES
728,Baja,PORQUE NO LLEGO A LA SEMANA
325,Baja,PORQUE NO ME SOBRA EL DINERO
610,Baja,porque no puedo a veces cubrir mis necesidades básicas
159,Baja,PORQUE NO TENEMOS UNA CLASE ALTA NOSOTROS
745,Baja,PORQUE NO TENGO DINERO
1004,Baja,porque no tengo estudios
178,Baja,PORQUE NO TENGO INGRESO ECONÓMICO FIJO
881,Baja,"porque no tengo mucho laburo, pero tengo para comer"
908,Baja,porque no tengo trabajo
393,Baja,porque no tengo trabajo en blanco
558,Baja,PORQUE NO TENGO UN PESO
612,Baja,"porque no tengo un trabajo que sea bien remunerado, porque mis hijas no tienen trabajo y se pusieron a estudiar por no conseguir uno y porque no soy dueña d mi casa"
276,Baja,"PORQUE NO TENGO UNA VIVIENDA PROPIA Y SI NO TENGO LABURO, NO COMO"
1005,Baja,porque no tiene acceso a nada
1009,Baja,"PORQUE NO TIENE CASA PROPIA, NO TIENEN TRABAJO EN BLANCO"
697,Baja,porque no tiene nada
222,Baja,"porque no tiene trabajo, y no le dan las posibilidades de trabajar en lo que sabe porque …"
205,Baja,PORQUE NO TIENE UN INGRESO BUENO
951,Baja,PORQUE NOS FALTAN ALGUNAS COSAS Y LO QUE TENEMOS ES CON MUCHO ESFUERZO
1014,Baja,"porque primero no tengo terreno, no consigo trabajo"
335,Baja,PORQUE PUEDO VIVIR GRACIAS A MUCHO ESFUERZO
428,Baja,porque si porque tenes que trabajar como burra para sobrevivir
367,Baja,"porque sí, porque la clase media vive de otra manera"
164,Baja,"PORQUE SI, SOY HUMILDE YO. VIVO COMO PUEDO CON MI TRABAJO Y TRATE DE DARLE LO MEJOR A MIS HIJOS QUE ES LO MAS IMPORTANTE"
402,Baja,PORQUE SIEMPRE NOS COSTO SALIR ADELANTE
197,Baja,porque sobrevivo
633,Baja,porque soy trabajador
873,Baja,porque soy una persona trabajadora.vivo de lo que ingresa desde mi propio esfuerzo.cuesta muchísimo
549,Baja,PORQUE TENEMSO SUELDO Y COMEMOS TODOS LOS DIAS PERO NO SATISFACEMOS OTAS COSAS QUE SE NECESITAN
333,Baja,PORQUE TENGO QUE TRABAJAR MUCHO PARA ACCEDER A CUBIRIR LAS NECESIDADES BASICAS
202,Baja,PORQUE TIENE POCOS INGRESOS
592,Baja,porque todavía no podemos tener casa propia
921,Baja,porque vivimos al día y no podemos darnos ningún lujo
432,Baja,porque vivo al día
195,Baja,"PORQUE YA HOY NO ALCANZA EL SUELDO PARA VIVIR, NO LLEGAS A FIN DE MES. POR LO TANTO DECIR CLASE MEDIA ES ABSURDO"
928,Baja,si fuese por lo económico no.por el lugar donde vive
1103,Baja,SU NO TRABAJO NO COMO Y VIVO EN LA CALLE
973,Baja,"tengo lo normal, pero me gustaría tener más"
622,Baja,"trabajo demasiadas horas.me va bien pero son demasiadas horas.tengo un nene que casi no lo veo, no lo disfruto"
990,Baja,yo cobro la asignación y no me dan créditos tengo pocos ingresos
952,Baja,"YO ESTUVE SIEMPRE POR CAPITAL, SE NOTA LA DIFERENCIA, ME FALTABAN MUCHAS COSAS"
1106,Media,a base de trabajo no les falta nada
757,Media,"ACCEDO A MUCHAS COSAS Q NO ACCEDEN LA CLASE BAJA, PERO NO A LOS DE CLASE ALTA, GASTOS SUPERFLUOS, VIAJES"
144,Media,"ALTO NO SOY, BAJO TAMPOCO, POR DECIRTE, POR LAS CONDICIONES DE VIDA"
666,Media,ASI LO CLASIFICA EL SISTEMA ESCOLAR
527,Media,bajó su estatus de vida al fallercer su marido hace siete años
347,Media,básicamente por los ingresos que tengo98
106,Media,"clase alta tiene mejores vacaciones, más posibilidades, mejor nivel de vida"
147,Media,"CLASE MEDIA BAJA, VIVO DPTO CHICO, NO TENGO AUTO, VACACIONES CADA 5 AÑOS"
780,Media,"clase media porque siempre sostuvo todo, porque siempre lo cagaron y le sacaron plata.porque vengo de ahí y vengo de tipos que han trabajado y estudiado"
21,Media,"clase media porque tengo cierto nivel educativo, por instrucción, por comportamiento; ni me sobra ni me falta, las necesidades básicas las tengo satisfechas"
273,Media,"clase media tirando a baja porque no gano mucho, llego y vivo con lo justo, al día"
113,Media,"clase media vivo en una casa mas o menos confortable y no soy de la alta porque no puedo quizás darme algunos lujos no tengo auto, no tengo casa propia"
115,Media,"como lo pensamos tiene que ver con la formación elegida, el trabajo y la economía los ingresos económicos"
364,Media,"COMO TRABAJAMOS, VIVIMOS DE NUESTRO SUELDO, LA CLASE ALTA VIVE DE RENTAS, TENES ACCESO A CIERTOS BIENES, SALIDAS AL CINE AL TEATRO"
738,Media,"con lo que gana su marido y su hijo viven bien, no les falta nada, tienen su casa, su coche y un buen pasar"
39,Media,creo que por los recursos económicos
1133,Media,CUESTA AFRONTAR LA REALIDAD ACTUAL EN LO ECONÓMICO Y VIVIR BIEN
48,Media,"DEL TODO POBRE NO SOY, SOY TRABAJADORA, NO TENGO DINERO PERO TAMPOCO SOY POBRE, HAY PERONAS MAS NECESITADAS"
220,Media,"desde lo cultural, la educación es el primer factor preponderante, casa propia el siguiente, el trabajo conseguido a través de la educación"
376,Media,"el gobierno no me ayuda.por vos mismo te hacés, no necesitás pedir.valerse por sí mismo"
766,Media,EN FUNCION A INGRESOS
264,Media,en salud y educación se considera clase alta
470,Media,está dentro
1126,Media,está en el medio de los ricos y los pobres
99,Media,"estoy arañando la media, no tengo coche, no tengo vacaciones, llego a fin de mes de culo, vivo con lo justo"
877,Media,"HOY NO ESTA TRABAJANDO, PORQUE GANA LO QUE GANA SIEMPRE TENES POCA PLATA. ESTA TODO MUY CARO"
938,Media,INGRESO SUFICIENTE
533,Media,la educación y la forma de vivir
171,Media,la única distinción es subjetiva sobre el ingreso
410,Media,LE ALCANZA LO QUE GANA Y VIVE BIEN
1002,Media,"le parece que tiene un modo de vivir que la favorece, tiene un trabajo estable y siempre tiene changas.con su pareja ganan lo suficiente para vivir bien sin sobresaltos"
550,Media,"LO MAS SIMPLO, LO FUNDAMENTAL"
243,Media,lo que la gente llama clase media me siento identificada
486,Media,"los hijos tienen educación.tiene su casa, hay gente que no tiene para sustentarse, con su trabajo y su renta vive bien"
650,Media,los niveles destatus de vida que tiene
1042,Media,me considero trabajador.tengo mi guita.
1102,Media,"MEDIA, TENGO ACCESO A VARIAS COSAS, A LO ECONÓMICO, E INTELECTUAL, TAMBIEN TENGO ESTUDIOS QUE ME DAN POSIBILIDADES"
104,Media,mi condición actual
683,Media,"MI MARIDO TRABAJA, PODEMOS COMER"
1012,Media,"ni idea, porque se da el país y las cosas así.hay gente que tiene más"
687,Media,"ni pobre ni rico, una persona que está en el medio"
940,Media,NIVEL DE INGRESO
374,Media,"NIVEL DE INGRESO, NIVEL EDUCATIVO"
88,Media,nivel económico y lo que pued hacer
224,Media,"no daría ninguna aunque daria nada por la casa, estudio y comida que puedo acceder"
174,Media,"no es pobre, viste a su hijo y se da los gustos, viaja…"
452,Media,no está ni mal ni bien
259,Media,"NO ME CONSIDERO POBRE, TENGO RECURSOS CULTURALES AUNQUE ME CUESTA LLEGAR A FIN DE MES"
910,Media,no me falta ni me sobra
101,Media,"no por razones económicas, si por razones sociales"
1136,Media,"no puedo terminar mi casa, el sueldo de mi marido, la sociedad no nos deja ahorrar, no nos deja avanzar.todo lo que se hace es con esfuerzo"
1013,Media,"no sé, porque siempre trabajé"
427,Media,"no somos ni muy pobres ni tampoco de tener mucha plata, somos…ahí…"
988,Media,"no soy ni muy pobre ni muy bien, comparando estoy en el medio"
300,Media,NO SOY NI POBRE NI MILLONARIO
105,Media,no soy ni rica ni pobre
705,Media,no soy ni tan rico ni tan pobre
1131,Media,NO SOY POBRE NI RICO
989,Media,no tengo ni mucho ni poco
150,Media,"NO VIVO EN UNA VILLA, SOY SOY POBRE, TENGO TRABAJO"
250,Media,NUNCA TUVO PROBLEMAS ECONÓMICOS TODAS LAS HERMANAS ESTUDIAMOS EN LA FACULTAD
70,Media,odia la clase media.primero porque estoy criada en una casa de clase media…el tema del sacrificio y el laburo.es difícil saber de eso y por el poder adquisitivo también soy de clase media
143,Media,"POQUE NO TENGO LOS APREMIOS QUE TIENE LA CLASE BAJA PERO TAMPOCO TENGO LA SOLTURA PARA PODER VIVIR SOLO SIN TRABAJAR O SIN TOMAR DECISIONES EN LAS QUE EL DINERO ES UNA PREOCIPACION O VIAJAR, COMRARSE UN AUTO"
534,Media,"por capacidad económica, poder adquisitivo alto"
126,Media,por capital económico y condiciones laborales
582,Media,por cuestiones económicas
291,Media,"POR DESCARTE, NO SE CONSIDERA NI DE LA ALTA NI DE LA BAJA"
604,Media,POR EDUCACIÓN Y PODER ADQUISITOIVO
12,Media,"POR EL ACCESO QUE TUVE A LA EDUCACIÓN, POR LA AYUDA DE MIS PADRES Y POR MI ACCESO AL CONSUMO"
659,Media,"por el dinero que entra en la casa.tiene casa, coche, buen pasar"
573,Media,por el dinero que ingresa a casa
162,Media,POR EL ESTATUS DE VIDA QUE LLEGO
188,Media,por el estatus y las cosas a las que puedo acceder. No me puedo quejar
134,Media,"por el estudio universitario, no soy hija de empresarios o de clase alta98"
375,Media,POR EL INGRESO QUE LE PERMITE VIVIR HOLGADO
996,Media,"por el ingreso que tengo, por como vivo"
82,Media,"por el ingreso, por la vivienda*/"
491,Media,por el modo de vida
911,Media,"por el nivel de ingreso, de educación, tener casa propia, auto, etc."
8,Media,por el nivel de ingresos
36,Media,por el nivel de ingresos propio y de la familia
295,Media,POR EL NIVEL DE VIDA QUE LLEVO
537,Media,"por el nivel de vida que tengo.tengo mi propiedad, mi coche, viajo y vivo tranquilo."
139,Media,por el nivel económico y educacional
254,Media,POR EL NIVEL EDUCACIÓNAL Y DE INGRESOS
566,Media,POR EL NIVEL EDUCATIVO
313,Media,POR EL NIVELDE VIDA QUE LLEVO
545,Media,"POR EL PODER ADQUISITIVO QUE TENGO, TENGO UN TRABAJO Y PUEDO PAGAR UN ALQUILER. PUEDO MANTENERME Y DARME ALGUN GUSTO"
79,Media,por el poder adquisitivo y el acceso a algunas cosas como la educación
630,Media,POR EL SUELDO Y LA EDUCACIÓN
824,Media,"por el tema del valor de lo que cobra, el tratar de progresar y el no llegar con la plata"
1,Media,POR EL TIPO DE VIDA
822,Media,"por el tipo de vivienda, por el estilo de vida, por la educación que le puede dar a sus hijos"
639,Media,por el trabajo y por el ingreso
281,Media,"por formación, por tener algo de estudios, aunque no terminé nada"
83,Media,"por formación, techo, comida, título"
859,Media,"por ideología, por lo que veo en la calle"
265,Media,por ingresos
137,Media,por ingresos y estudios
4,Media,"POR INGRESOS, CONDICIONES DE VIDA, HÁBITOS CULTURALES, VALORES"
18,Media,"por ingresos, estandar de vida"
124,Media,"por ingresos, por familia"
142,Media,POR INTERESES CULTURALES
821,Media,por la cantidad de dinero que sumamos mi pareja y yo
183,Media,POR LA CONDICIÓN ECONÓMICA QUE TENGO
579,Media,por la cuestión económica
1022,Media,por la edad que tiene no va adelantar más
670,Media,POR LA EDUCACIÓN
531,Media,por la educación que le permite vivir como quiere
307,Media,por la educación y el nivel de ingresos
170,Media,"POR LA EDUCACIÓN, TODOS TENEMOS UN TRABAJO"
769,Media,POR LA FORMA EN QUE VIVE
1145,Media,"por la formación, por el tipo de trabajo que desarrollo"
214,Media,"POR LA IDIOSINCRACIA, CULTIRAL, TIPO DE VALORES, ORIGEN, EDUCACIÓN"
46,Media,"POR LA LIGA EN LA QUE JUEGO, TENGO PREPARACIÓN, AUNQUE ECONÓMICAMENTE SOY POBRE, HOY NO PRODUZCO NADA, TENGO DIFICULTADES PARA PAGAR MIS CUENTAS, PERO NO PUEDO CONSIDERARME CLASE BAJA PORQUE ME FUI UN TIEMPO A EUROPA"
1116,Media,por la mentalidad
671,Media,por la parte económica
563,Media,por la posición económica
368,Media,"por la posición, tengo mi casa, buenos trabajos, somos independientes"
559,Media,POR LA SITUACION ECONÓMICA EN LA QUE ESTAMOS
648,Media,por la situación en que vive
1144,Media,por la situación laboral
245,Media,por la situación que viví durante toda mi vida
56,Media,"por la vida que tengo y todo.ni la paso mal ni me sobra, por eos clase media98"
251,Media,"POR LAS COSAS A LAS CUALES ACCEDO, MEDIDINA PREPAGA, AUTO, TIENE PARA COMER, SE PUEDE HACER UNAS VACACIONES"
91,Media,"POR LO ECONÓMICO, TENGO CASA, AUTO"
818,Media,POR LO MENOS PUEDO VIVIR SIN SOBRESALTOS CUBRIENDO LOS GASTOS BASICOS
133,Media,"por lo que gano, por lo que trabajo, por mi poder adquisitivo.soy media para abajo"
391,Media,"por lo que tenemos, por los ingresos"
349,Media,por lo que tengo y conseguí.me maté trabajando
15,Media,POR LOS ESTUDIOS QUE TUVE
308,Media,"por los estudios, por el ingreso"
163,Media,POR LOS INGRESOS QUE TENGO Y LA EDUCACIÓN
284,Media,por los ingresos que tiene y por como vive
122,Media,por los ingresos supuestamente
110,Media,"por los ingresos, educación"
2,Media,"POR LOS INGRESOS, EL ACCESO"
47,Media,"POR LOS INGRESOS, QUE UNO TIENE, POR EL TRABAJO"
149,Media,POR LOS NIVELES DE ESTUDIO Y DE INGRESO
870,Media,POR LOS NIVELES DE VIDA
296,Media,POR LOS PARAMETROS ECONÓMICOS Y EDUCATIVOS DE LA FAMILIA MAS QUE NADA
297,Media,POR LUGAR DONDE NACI Y FAMILIA
128,Media,"por mi estandar de vida, por mis consumos y mis gastos"
74,Media,por mi forma de vida
120,Media,por mi nivel de consumo
261,Media,por mi nivel de ingresos
348,Media,por mi nivel de vida e ingresos
764,Media,POR MI NIVEL ECONÓMICO
153,Media,"POR MI NIVEL SOCIOECONÓMICO Y TAMBIÉN POR CONSUMOS, CULTURAS (INTERESES, LITERATURA, CINE, TIPO DE MÚSICA)"
762,Media,POR MI PODER ADQUISITIVO
154,Media,POR MI PODER ADQUISITIVO Y MI FORMACIÓN SOCIOCULTURAL
116,Media,por mi posición económica más que nada
875,Media,por mi sueldo y por el trabajo que desempeñaba
73,Media,"por mi trabajo, lo que tengo y donde vivo"
765,Media,POR MIS ESTUDIOS
213,Media,"POR MIS ESTUDIOS, INGRESOS, FORMA DE VIDA"
783,Media,POR MIS INGRESOS Y EL ESFUERZO QUE HACEN PARA LOGRAR ALGO
602,Media,POR NIVEL CULTURAL
876,Media,"POR NIVEL DE VIDA, INGRESOS"
942,Media,POR SER LABURANTE Y NUNCA TENER MAS DE LO QUE LE DA EL SUELDO
799,Media,"por su estatus, por su forma de vida"
828,Media,"POR SU NIVEL DE EDUCACIÓN NIVEL DE INGRESOS, EL TRABAJO QUE TIENE, EL BARRIO EN QUE VIVE Y SUS RELACIONES"
69,Media,por su nivel de ingresos y modo de vida
796,Media,por sus ingresos y porque no le falta nada.tiene casa
657,Media,por tener todo lo que se necesita para pertenecer a esa clase social
65,Media,POR UN ESTANDAR DE VIDA MEDIO98
594,Media,"porque alcanza para vivir y para mantener sus cosas, por eso ni alta ni baja"
403,Media,PORQUE AUN NO TENGO CASA
825,Media,porque con lo que gana solventa los gastos que tiene98
151,Media,PORQUE CON MUCHO ESFUERZO PUDE LOGRAR TENER LOS RECURSOS NECESARIOS PARA PODER VIVIR DE UNA MANERA PERO CON MIS NECESIDADES CUBIERTAS
286,Media,"porque conozco todas las clases por mi trabajo, mi deporte"
543,Media,PORQUE CONSIDERO QUE LA CLASE MEDIA ES LA TRABAJADORA Y LE ALCANZA PARA VIVIR CON LO QUE TRABAJA
210,Media,porque considero que tengo cosas pero me cuesta llegar a fin de mes.pero me comparo con otra gente y veo que estoy mejor
475,Media,"PORQUE CREEMOS QUE NO ESTAMOS TAN MAL, LABURAMOS COMO PERROS, MAS DE 12H POR DIA"
544,Media,PORQUE CREO QUE EN LA REALIDAD MIA ENCAJARIA ASI
301,Media,"porque creo que estoy ubicado ahí, no soy pobre ni tampoco clase media media"
38,Media,"porque creo que estructuralmente pertenezco, pero mantenerla cuesta mucho"
794,Media,PORQUE CREO QUE TENGO ACCESO A UNAS COSAS Y A OTRAS NO. UNA CLASE MAS ABAJO NO ACCEDE A LO QUE YO PUEDO
784,Media,"PORQUE CUMPLE CON LOS ESTANDARES DE CLASE MEDIA, UNA CASA MEDIA UN TRABAJO"
389,Media,"PORQUE DE A POCO SE VA LLEGANDO, PUEDO VIVIR"
316,Media,"PORQUE DENTRO DE TODO TENGO P COMER, TENGO AUTO, NO ME FALTAN COSAS, PERON NO ME PUEDO DAR GRANDES LUJOS, PUEDO MANTENERME PERO NO PUEDO DERROCHAR"
1021,Media,porque dentro de todo tiene lo necesario
66,Media,porque desde el punto de vista económico tengo una renta que me caracteriza y tengo una conciencia de la clase y la condición social que tengo como clase.se reconoce como burguesía nacional / clase media con conciencia de clase
132,Media,porque diría que mi situación económica es buena
548,Media,"PORQUE ECONÓMICAMENTE HABLANDO SE CLASIFICA SEGÚN BIENES, INGRESO Y SU NIVEL DE VIDA"
90,Media,porque en vez de estar cada vez mejor estoy cada vez peor
19,Media,porque es ahí donde estoy
1112,Media,porque es dueña de su casa y la compró con trabajo
312,Media,"PORQUE ES EL QUE SIEMPRE SE ESFUERZA PARA SALIR ADELANTE, TENER UNA EDUCACIÓN Y TRABAJO (NO NACISTE CON PLATA)"
788,Media,porque es hasta donde puedo llegar
536,Media,porque es justamente la media.la palabra lo dice
89,Media,porque es la laburante
756,Media,"PORQUE ES LA MAS COMUN, ES LA MAS GRANDE. ILEGIBLE"
165,Media,"PORQUE ES LA MAS ESTABLE, QUE LO QUE HAGO DE MUCHO TIEMPO PERMANECER CON UNA POSICIÓN DE TRABAJO ESTABLE"
318,Media,PORQUE ES UNA CLASE TRABAJADORA Y VIVE CON CIERTO NIVEL DE EDUCACIÓN
885,Media,"porque estamos por este gobierno.por razones políticas, país inestable, damos diez pasos adelante y otros diez pasos atrás.retrocedemos un montón"
100,Media,"porque estoy bien, tengo trabajo, puedo mantener mi departamento.gracias a mis esfuerzos puedo seguir adelante"
773,Media,porque estoy económicaqmente mas o menos normal
189,Media,"porque estoy en el medio. No soy ni rica ni pobre, vivo bien, tengo casa, le di educación a mis hijos, los ayudé a comprar su casa, pero estamos ahí"
182,Media,"PORQUE ESTOY EN UN LUGAR INTERMEDIO, MAS CERCA DE LO BAJO"
140,Media,"porque estoy en una situación estable, pero no sobra nada"
676,Media,PORQUE GANA BIEN Y A LOS HIJOS NO LES FALTA NADA
841,Media,porque gracias al trabajo de su marido viven bien
867,Media,PORQUE HAY UN SUELDO QUE ENTRE TODOS LOS MESESVIVE Y TIENE CAPACIDAD DE AHORRO
614,Media,"porque hoy tenés y mañana no, tenemos cierta estabilidad pero tenemos que mantenerla día a día"
387,Media,PORQUE INDIGENTES NO SOMOS Y TAMPOCO TENEMOS PLATA. SOMOS CLASE MEDIA
191,Media,"PORQUE LA CLASE BAJA SON LOS POBRES, LO QUE NO TIENEN DONDE VIVIR"
221,Media,porque la cultura que tene es la de un pequeño burgués.que no es ni buena ni mala.tiene que ver también con las determinadas posiblidades de vida
201,Media,"PORQUE LAS CLASES SOCIALES ESTÁN DEFINIDAS POR NIVEL DE INGRESO, CONTACTO Y OPORTUNIDADES Y RELACIONES"
712,Media,PORQUE LE ALCANZA PARA MANTENER A SUS HIJOS Y VIVE SIN SOBRESALTOS
943,Media,PORQUE LE ALCANZA PARA VIVIR. NO LE FALTA PERO TAMPOCO LE SOBRA
782,Media,"PORQUE LLEGUE A LA CLASE ESTUDIANDO, TRABAJANDO"
13,Media,"PORQUE LO PUEDO VER UN COMPARACION CON EL RESTO, ME DOY CUENTA EL LUGAR DONDE ESTOY"
319,Media,"PORQUE LOS EXTREMOS SON MALES, NADA QUE LLEGUE A LOS EXTREMOS ES TOTALMENTE BUENO."
123,Media,porque los índices de ingresos
185,Media,"PORQUE MANTENGO UNA CASA, TENGO LABURO. COMPARTIMOS GASTOS CON MI VIEJA. CON ELLA TENEMOS UN AUTO. NO TENEMOS PROBLEMAS ECONÓMICOS"
827,Media,"PORQUE MAS ALLA DE QUE NO ESTUDIE LO QUE DEBERIA, BUSCO TODOS LOS DIAS PROGRESAR"
135,Media,"porque me alcanza, pero no me sobra"
758,Media,PORQUE ME DOY ALGUN GUSTO EN LA VIDA Y EN LA EDUCACIÓN DE MI HIJA
473,Media,"PORQUE ME FALTARIA UN POCO MAS PARA ESTAR EN LA CLASE MEDIA ALTA. TENER UNA CASA PROPIA Y VIVIR SOLO, EN UN SOLO TERRENO. IGUAL LES PAGO UNA ESCUELA PRIVADA A MIS HIJOS PARA QUE TENGAN UN ESTUDIO DIGNO"
40,Media,porque me inculcaron que pertenecía a esa clase social
931,Media,PORQUE ME MANEJO CON MI TRABAJO NO SOY RICO PERO TAMPOCO POBRE
791,Media,PORQUE ME MANTENGO CON EL TRABAJO
815,Media,porque me rompo el culo laburando
326,Media,porque mi marido es jubilado y sigue trabajando y todo lo que tenemos es un esfuerzo
823,Media,porque mi standard de vida me hace pensar
866,Media,PORQUE MINIMAMENTE PUEDE SUBSISTIR Y LAS NECESIDADES BASICAS LAS TIENE CUBIERTAS
148,Media,"PORQUE MIS ACTITUDES SON DE LA CLASE MEDIA, NO TENGO PROPIEDADES, NO HAGO VIAJES"
790,Media,"porque nadie me regalo nada, tengo mi trabajo, mi auto"
900,Media,porque necesito trabajar para vivr
28,Media,porque ni le falta ni le sobra. Por eso está en el medio. Tampoco estoy trabajando así que no sería obrera
896,Media,porque no considero que tenga suficientes recursos para llegar a más que eso
830,Media,PORQUE NO CREE QUE EXISTA CLASE MEDIA ALTA O MEDIA BAJA
269,Media,"PORQUE NO CREO QUE SEA DE UNA CLASE BAJA NI TAMPOCO ALTA, UNO LO MIDE POR EL TEMA ECONÓMICO, PODES VIVIR CON LO JUSTO Y NECESARIO"
54,Media,porque no es de clase alta ni baja
603,Media,PORQUE NO ES MUY POBRE NI MUY RICO
716,Media,porque no está arriba del todo pero tampoco está abajo del todo
167,Media,PORQUE NO ESTOY DE UN LADO NI DEL OTRO ESTOY EN EL MEDIO
317,Media,"PORQUE NO ESTOY EN LA INDIGENCIA, NI TAMPOCO EN LA COMODIDAD DE NO TRABAJAR"
305,Media,"porque no estoy ni arriba, ni abajo.trabajo y con eso vivo"
802,Media,"porque no estoy ni en la indigencia, yo puedo pagar mis cuentas, lo básico, pero tampoco no sabía"
59,Media,"porque no estoy viviendo mal, o sea puedo tener mi casa pero tampoco tengo super lujo.vivo bien normal"
156,Media,"PORQUE NO ME CONSIDERO, NI TAMPOCO LO QUE SE CONSIDERA BAJO, NO ME SOBRA, PERO TAMPOCO ME FALTA"
763,Media,"PORQUE NO ME FALTA COMIDA NUNCA, PUEDO MANDAR A MIS HIJOS A ESTUDIAR"
1125,Media,"PORQUE NO ME FALTA NADA DE LO QUE NECESITO, PERO TAMPOCO TENGO SUPER PLATA."
184,Media,"PORQUE NO ME FALTA UN PLATO DE COMIDA, A MI HIJO EN REALIDAD NO LE FALTA, POR ESO."
277,Media,PORQUE NO ME IDENTIFICO CON LA CLASE ALTA
50,Media,"PORQUE NO ME SOBRA NADA, CON LO QUE VIVO ME ALCANZA PARA VIVIR BIEN"
346,Media,"porque no me sobra, pero no me falta.tengo que laburar para tener las cosas"
20,Media,"porque no padezco falta de vivienda, educación, salud, puedo estudiar en la facultad"
3,Media,"PORQUE NO PUEDO, AUN PROGRESANDO, EMERGER ECONÓMICAMENTE"
275,Media,"porque no somos ricos, pero tampoco nunca me falta nada"
819,Media,PORQUE NO SOY DE CALSE ALTA NI BAJA
114,Media,"porque no soy indigente, pero tampoco tengo una clase muy alta, un ingreso muy alto"
260,Media,PORQUE NO SOY NI DE CLASE ALTA NI DE CLASE BAJA
343,Media,"PORQUE NO SOY NI MUY RICO NI MUY POBRE, SUFRO TODOS LOS GOBIERNOS"
779,Media,"porque no soy ni rica ni estoy en la pobreza.no tengo un poder adquisitivo que me permita viajar, pero mis hijos van a colegio privado"
94,Media,"PORQUE NO SOY OBRERA NI ALTA, ALQUILO UNA CASA"
60,Media,"porque no soy obrera, ni soy dueña de los medios de producción"
179,Media,"PORQUE NO SOY OBRERO, POR DESCARTE"
58,Media,"porque no soy pobre ni rico, estoy en el medio"
587,Media,porque no soy rica ni pobre
80,Media,porque no soy rica ni pobre y vivo más o menos con las comodidades resueltas
1139,Media,porque no soy rico y no soy pobre
160,Media,PORQUE NO TENEMOS LO SUFICIENTE PLATA PARA SER CLASE ALTA PERO TAMPOCO SOMOS INDIGENTES
814,Media,"porque no tengo acceso a lo que llegan los políticos gente que está en una muy buena posición económica, clase alta"
145,Media,"PORQUE NO TENGO CARENCIAS DE ALIMENTOS, EDUCACIÓN, SALUD"
62,Media,"PORQUE NO TENGO GRANDES LUJOS. VIVO BIEN, HASTA AHÍ"
359,Media,PORQUE NO TENGO LOS INGRESOS QUE POR AHÍ TIENEN OTRA CLASE DE PERSONAS MAS QUE NADA POR INGRESOS
820,Media,"PORQUE NO TENGO NADA, NO SOY NI RICO NI POBRE"
329,Media,"porque no tengo ninguna necesidad, pero tampoco tengo la plata para hacer todo lo que quisiera"
1137,Media,"porque no tengo plata, pero puedo lograr algunas cosas (comida, vestimenta)"
98,Media,"porque no tiene bienes para inscribirse dentro de la alta burguesía, tengo un nivel de vida medio"
768,Media,PORQUE NO TIENE LUJOS Y NO TIENE FALTAS GRANDES
574,Media,"porque no vivo como me gustaría vivir, con más placeres.megustría irme al caribe de vacaciones como hacen muchos, tener una vivienda mejor, un auto nuevo, ayudar a mis hijos.la plata no hace la felicidad pero ayuda a vivir"
892,Media,"porque no vivo en un barrio muy humilde, puedo pagar mis impuestos"
1104,Media,"PORQUE NO VIVO MAL, NO ME FALTA NADA PERO TAMPOCO ME SOBRA, PERO VIVO BIEN"
851,Media,PORQUE NUNCA LLEGA A TENER TODO LO QUE NECESITA
575,Media,"porque para la clase baja no califico.la clase alta no, porque no tengo plata.la clase media es la que realmente trabaja, es la que sostiene todo"
266,Media,"PORQUE PARA PERTENER A UNA CLASE SOCIAL HAY QUE PERTENECER A UNA CLASE ANERIOR, Y YO EMEPCE MUY POBRE, MUY DE ABAJO, YO ASCENDI"
211,Media,PORQUE PARA SER MEDIA ALTA HAY QUE TENER OTROS INGRESOS PERO LA PLATA NO HACE A LA GENTE
686,Media,porque pienso en progresar
446,Media,"porque plata no tengo, vivo laburando, mi viejo también era de esta clase"
713,Media,PORQUE POBRE NO ES
161,Media,PORQUE POR EDUCACIÓN E INGRESOS ECONÓMICOS
542,Media,"PORQUE PUDE ACCEDER A UN ESTUDIO, TENGO TRABAJO ESTABLE. ME PUEDO DAR ALGUNOS GUSTOS, NO LUJOS"
638,Media,"porque puede comprar todo lo que quiere, paga sus impuestos y se puede dar todos los gustos"
85,Media,porque puede tener cubiertas las necesidades básicas
87,Media,porque puedo alquilar
330,Media,"porque puedo estudiar sin trabajar, tengo todas las necesidades cubiertas, no me falta nada"
327,Media,"porque puedo vivir dentro de todo bien, no me falta nada pero tampoco tengo excesos"
792,Media,"PORQUE PUEDO VIVIR SUSTENTANDOME EN MI SUELDO, NO DEBO NADA, PUEDO BRINDARLE UN BIEN PASAR A MI HIJA A PESAR QUE TRABAJO"
412,Media,"porque satisface sus necesidades básicas, hace viajes, pero no soy alta, ni media alta"
203,Media,PORQUE SE CONSIDERA UN HABITANTE MEDIO DE LA REPUBLICA
974,Media,porque se preocupan más por los demás
289,Media,porque se que hay gente mucho más pobre que yo y mucho más rica
462,Media,"porque se siente pobre, vive distinto de los que tienen plata"
199,Media,"porque si bien la remo, vivo cómodamente, llego a fin de mes"
806,Media,"PORQUE SI, PORQUE NO TIENE MUCHO COMO LOS DEMAS PERO TAMPOCO TIENE NADA. ESTA EN EL MEDIO"
872,Media,"porque siempre fue el trabajo, el esfuerzo y tratar de subsistir"
843,Media,porque siempre tuvo trabajo y construyó sus casas.nunca vivió en una villa o pensión
465,Media,porque somos gente laburante
1135,Media,PORQUE SOMOS GENTE TRABAJADORA Y HUMILDE
546,Media,"PORQUE SOMOS TRABAJADORES, SUELDOS BASICOS"
130,Media,"porque son propietarias porque pude viajar, y tengo un buen nivel educativo y económico"
449,Media,"porque soy comerciante, trabajamos los cuatro en mi casa98"
14,Media,"PORQUE SOY DE CLASE TRABAJADORA, ME LEVANTO TODOS LOS DIAS A TRABAJAR"
811,Media,"porque soy de trabajo, de progreso y decente"
541,Media,"PORQUE SOY DUEÑO DE MI CASA, TENGO UN AUTO, FUI A UN COLEGIO PRIVADO Y MIS HIJOS TAMBIEN"
5,Media,"PORQUE SOY PRODUCTO DE LA CLASE QUE MIGRO A ARGENTINA SIN NADA, SE PREPARO, TRABAJO Y HOY EN DÍA ES LA QUE MANTIENE EL PAÍS"
580,Media,porque soy trabajadora y tengo mi casa
95,Media,"PORQUE SOY UN TRABAJADOR CON NIVEL EDUCATIVO IMPORTANTE Y A NIVEL MATERIAL SUPERIOR A LOS DE LAS CLASES POPULARES PERO INFERIOR A LOS DE LAS CLASES ALTAS (A, B, C)"
177,Media,PORQUE SOY UNA PERSONA TRABAJADORA Y LUCHADORA
690,Media,porque soy una trabajadora
157,Media,PORQUE SUBSISTO TODOS LOS DÍAS
812,Media,"porque tampoco tan mal estoy para decir clase baja, ni tan bien para decir otra.estoy en el medio"
369,Media,porque tenemos para los gastos necesarios y ahorramos
635,Media,porque tenemos suficientes ingresos
192,Media,PORQUE TENEMOS TRABAJO
315,Media,"PORQUE TENEMOS TRABAJO, ES DIFICIL CONSEGUIR TRABAJO HOY EN DIA"
922,Media,"porque tenemos una entrada de dinero, no somos ricos pero se puede comer"
187,Media,"porque tengo acceso a bienes y servicios acordes a la clase media: salud, educación, vacaciones, todo de término medio"
141,Media,"PORQUE TENGO ACCESO A LA EDUCACIÓN UNVERCITARIA, ESTOY TRABAJANDO, ME VOY DE VACACIONES, SE PUEDE PROGRESAR, CON ESFUERZO"
92,Media,"PORQUE TENGO ACCESO A LO BASICO, VIVIENDA, TRABAJO"
111,Media,"porque tengo acceso a una buena educación, una buena salud, y me puedo mantener sola, tengo los servicios básicos cubiertos"
795,Media,PORQUE TENGO ANTIGÜEDAD EN MI TRABAJO TENGO ACCESO AL CREDITO
561,Media,"porque tengo auto, mis cosas, hay gente que no tiene nada"
248,Media,"PORQUE TENGO BIENESTAR ECONÓMICO PERO LO TENEMOS TRABAJANDO TODO Y ES JUSTO PARA VIVIR, EDUCARSE, COMER"
778,Media,"porque tengo casa propia, educación y modales"
1143,Media,"porque tengo casa, auto"
557,Media,PORQUE TENGO ESTUDIOS COMPLETOS Y UN TRABAJO
244,Media,"porque tengo estudios, tengo trabajo medianamente estable"
282,Media,porque tengo ingresos correspondientes a ese sector de la pirámide
1141,Media,"porque tengo la herencia cultural de la clase media, el habitus de la clase media"
932,Media,PORQUE TENGO LA POSIBILIDAD EN OTRO NIVEL DE CLASE
320,Media,"PORQUE TENGO LAS NECESIDADES BASICAS SATISFECHAS, TENGO UN INGRESO QUE ME PERMITE VIVIR, UNA POSICION NORMAL, SE SATISFACEN NECESIDADES"
294,Media,PORQUE TENGO LAS NECESIDADES DIARIAS RESUELTAS
837,Media,PORQUE TENGO LO JUSTO Y NECESARIO CON ESFUERZO
897,Media,"porque tengo lo que conseguí, hasta ahora no tengo que salir a trabajar, mucho no me puedo quejar"
186,Media,porque tengo lo que necesito y a la vez n estoy económicamente muy alto. Tengo lo justo
26,Media,porque tengo los recursos necesarios para poder vivir
43,Media,porque tengo medianamente acceso a buena medicina y alimentación
86,Media,"porque tengo mi casa, alquilo, tengo un trabajo estable, me puedo mantener"
225,Media,"porque tengo mi casa, mi auto, tengo vacaciones y trabajo"
562,Media,"porque tengo mi vehículo, como todos los días, me voy de vacacines, pero no tengo una casa propia"
10,Media,"porque tengo necesidades básicas cubiertas, acceso educativas comida"
975,Media,"porque tengo para comprar ropa, comida y lo que yo quiero"
155,Media,"PORQUE TENGO POSIBILIDAD QUE LOS CHICOS ESTUDIEN, VIVO BIEN Y ALGÚN GUSTO"
181,Media,"PORQUE TENGO PROPIEDAD, AUTO, MOTOS, TRABAJO Y UN INGRESO NORMAL, NO MAS QUE SO NO VENGO A SER MEDIO ALTO"
131,Media,"porque tengo que comer, tengo mi auto, mi marido vive de lo que trabaja.tenemos todo lo necesario para vivir"
1124,Media,PORQUE TENGO QUE SACRIFICARME PARA TENER UN BUEN PASAR
129,Media,porque tengo que trabajar para vivir
279,Media,PORQUE TENGO QUE TRABAJAR PARA VIVIR
112,Media,porque tengo que trabajar para vivir.no tengo una posición acomodada heredada todo me cuesta mucho
450,Media,porque tengo que trabajar todos los días para comer y tener lo que tengo
339,Media,PORQUE TENGO SUSTENTO PARA TODAS LAS SEMANAS COCMPRAR EN EL SUPER Y MANDAR A LOS CHICOS AL COLEGIO
971,Media,porque tengo trabajo pero no tengo mi casa y tengo para comer
551,Media,porque tengo un auto y puedo pagar alquiler e impuestos
360,Media,PORQUE TENGO UN BUEN PASAR MAS O MENOS
64,Media,"PORQUE TENGO UN DETERMINADO NIVEL DE EDUCACIÓN, UN NIVEL ECONÓMICO ADECUADO A LO QUE NECESITO. NO PASO HAMBRE"
49,Media,"PORQUE TENGO UN ESTUDIO, CASA, VIAJO UN POCO"
415,Media,porque tengo un modo de vida más o menos bien.llega bien a fin de mes
29,Media,porque tengo un nivel que me permite acceder a lo indispensable
1011,Media,porque tengo un poquito más que los pobres
37,Media,"porque tengo un sueldo, por mi mi situación económica"
474,Media,PORQUE TENGO UN TRABAJO ESTABLE Y APENAS UNO PUEDE MANTENER LO QUE TIENE
426,Media,"porque tengo un trabajom mi marido también, pero vivimos ahí, al día, no nos sobra"
76,Media,"porque tengo una casa propia y mi auto, mis hijos pueden estudiar, me puedo ir de vacaciones, vivo de mi sueldo y el de mi marido"
328,Media,"porque tengo una casa, un auto"
920,Media,"porque tengo una casa, un auto, puedo ahorrar algo"
200,Media,"porque tengo una edcuación, una obra social, puedo comer todos los días"
263,Media,porque tengo una educación y un trabajo también
32,Media,"PORQUE TENGO UNA POSICIÓN ECONÓMICA BUENA NI MALA NI MUY BUENA, PORQUE TRABAJE TODA LA VIDA, ESTUDIE Y ME JUBILO"
569,Media,"PORQUE TENGO UNA PROPIEDAD, UN AUTO Y PUEDO MANTENER A MI FAMILIA"
287,Media,"porque tengo una vivienda, tengo un trabajo, todavía me puedo ir de vacaciones, puedo sostener un auto, no me endeudo, sostengo mi csa, mi negocio"
483,Media,porque tiene buen trabajo
829,Media,PORQUE TIENE LO BASICO Y NECESARIO PARA PODER DESARROLLAR SU VIDA
204,Media,PORQUE TIENE TRABAJO SEGURO
845,Media,"porque tiene una casa estable, un trabajo y una familia.no pasa carencias"
800,Media,"porque tiene una casa, pudo estudiar y vive más o menos bien"
383,Media,"porque tiene vehículos, el estilo de vida y el trabajo les permite a sus hijos acceder a toda la tecnología que necesiten"
247,Media,"PORQUE TODAVIA ME PUEDO DAR ALGUN GUSTO, AUNQUE NO TODOS LOS QUE QUISIERA NO SOY, CLASE BAJA PORQUE TODOS TENEMOS OBRA SOCIAL, COMEMOS, NOS VESTIMOS"
52,Media,porque todavía puede comer y pagar alquiler
810,Media,PORQUE TODAVIA SE PUEDE MANTENER
292,Media,PORQUE TODAVIA TENGO ALGUNOS RECURSOS PARA ESTAR EN ESA CLASE
280,Media,PORQUE TODO LO HICE TRABAJANDO
621,Media,porque todo lo que tengo me costó.nadie me regaló nada.como toda la gente que trabaja
399,Media,porque todo lo que tiene lo hizo trabajando
874,Media,porque todo lo que tuve lo consiguió con trabajo y esfuerzo
826,Media,PORQUE TRABAJA BIEN Y NO TIENE NCESIDADES MONETARIAS
868,Media,PORQUE TRABAJA PARA GANARSE EL SUSTENTO Y PAGAR CUENTAS Y SUBSISTIR
786,Media,porque trabaja y porque vive relativamente bien
842,Media,porque trabajamos ambos y tienen para subsistir
879,Media,"PORQUE TRABAJAN AMBOS, CON LO QUE TRABAJAN PUEDEN PAGAR ESCUELA DE LOS CHICOS Y SUBSISTIR"
1123,Media,PORQUE TRABAJARON
198,Media,porque trabajo
871,Media,porque trabajo
891,Media,porque trabajo de lo que hago
674,Media,porque trabajo mucho para conseguir lo que tenemos
448,Media,porque trabajo para comprar lo que consumo
72,Media,porque trabajo pero tampoco tenemos para todo
813,Media,porque trabajo y estoy bien
1140,Media,"porque trabajo y no le pido nada a nadie, puedo pagar mis impuestos, educar a mis hijos"
623,Media,porque trabajo y tengo recursos
228,Media,"porque trabajo, me alcanza para vivir y comprar cosas"
268,Media,"PORQUE TRABAJO, NO ME FALTA NADA, NADA ME REGALA NADIE, PERO VIVO BIEN DENTRO DE TODO"
702,Media,"porque trabajo, tengo una entrada"
447,Media,"porque trata siempre de superarse, de estar mejor, de darle buena educación a los nietos"
358,Media,"PORQUE TRATO DE SOBREVIVIR TODOS LOS DIS, PARA CLASE ALTA ME FALTA UN MONTON"
311,Media,"PORQUE TUVE POSIBILIDADES DE ESTUDIAR. TENGO TRABAJO, SOY INDEPENDIENTE ECONÓMICAMENTE. MI NIVEL EDUCATIVO ME PERMITE DESEMPEÑARME COMO PREFESIONAL Y OCMO PERSONA"
7,Media,"porque tuve suerte de que no me faltara nada, estudie en la escuela de primer nivel y a la universidad que me permitió conseguir un buen trabajo"
878,Media,PORQUE TUVO LA OPORTUNIDAD DE UN ESTUDIO Y GRACIAS A ESO TUVO LA POSIBILIDAD DE LOS TRABAJOS QUE TUVO Y TIENE
880,Media,PORQUE UN JUBILADO NO GANA LO SUFICIENTE QUE TIENE QUE GANRA PARA VIVIR MEJOR
625,Media,"porque uno a pesar de to tiene techo, agua, trabajo, se puede mantener"
1121,Media,"PORQUE UNO DISPONE DE UNA CASA, UN COCHE"
219,Media,porque viene de familia trabajadora (obrera) a través de los padres pudo acceder a su educación98
754,Media,PORQUE VIVE BIEN
572,Media,porque vivimos al día.tengo la casa porque la heredé sino no podría haber tenido nunca
860,Media,porque vivimos con lo justo
944,Media,PORQUE VIVIO Y SE MANTUVO CON UN SUELDO TODA SU VIDA
411,Media,porque vivo con lo que trabajo y no hago nada más.puedo solventar mi vida y no mucho más
77,Media,"porque vivo de mi trabajo, estudié en una universidad pública, no recibo rentas ni nada"
103,Media,"porque vivo día a día.un día que no trabajo, un día que se me complica"
761,Media,PORQUE VIVO MAS O MENOS BIEN. CLASE MEDIA BAJA
27,Media,porque vivo tranquila pero tampoco tengo tantos lujos
218,Media,"porque ya tiene su techo, sino fuera así estaría en la clase baja,tiene un buen trabajo, vivie sin apuros"
1015,Media,porque yo me esforcé trabajando para que mis hijos puedan estudiar y tener lo que tengo
227,Media,"porque, digamos, no tengo un sueldo que me permita darme todos los lujos.vivo bien, no me puedo quejar, viéndolo desde la parte económica.aunque hay gente que gana mucho más"
256,Media,"PRIMERO NO CREO PERTENECER A ESA CLASE, ME CONSIDERO UNA PERTENECIENTE A UNA CLASE TRABAJADORA, POR QUE TRABAJO"
571,Media,"principalmente de familia, que son mis padres los que nos posibilitaron a todos el estudio y que no nos falte nada por lo menos hasta que empezamos a trabajar.y ahora no es que falta"
255,Media,PRINCIPALMENTE PORQUE MAS O MENOS TENES LA FORMACION CULTURAL ADECUADA PARA TRATAR CON DISTINTA GENTE PERO NO LOS MEDIOS ECONÓMICOS O INGRESO
146,Media,PUDE ACCEDER A LA EDUCACIÓN Y NO PASE GRANDES NECESIDADES
109,Media,"pude estudiar, trabajo de lo que estudié, no tengo auto"
731,Media,puede darse los gustos hoy en día
560,Media,"PUEDO MANDAR A MIS HIJOS A LA ESCUELA PRIVADA, COMODIDADES QUE POR AHÍ OTRAS PERSONAS NO PUEDEN TENER"
354,Media,PUEDO MANTENERME PERO NO CON LUJOS
30,Media,"se establece de acuerdo a los ingresos, que en mi casa no los genero yo, pero bueno"
341,Media,"SIEMPRE SE PUEDE ESTAR PEOR, TENGO COMIDA, CASA, TRABAJO"
1127,Media,sigue luchando para superarse
206,Media,simplemente porque tengo la posibilidad de seguir trabajando pero muchas veces por las circunstancias de estar sin dinero.sucede mucho eso en nuestra profesión
226,Media,solamente por un estandar de vida y salario.porque está encasillado así
772,Media,solo por una cuestión de ingresos
107,Media,status de vida
117,Media,tenemos las necesidades básicas satisfechas y trabajamos los dos
350,Media,"tengo donde vivir, no soy rica"
223,Media,tengo la posibilidad de pagar un alquiler y tener una posibilidad de vida que me poermite acceder a varias cosas
55,Media,tengo mis necesidades básicas satisfechas y puedo darme mis gustos
1138,Media,"tengo para comer, puedo subsistir"
583,Media,"tengo trabajo, casa, auto"
212,Media,"TENGO TRABAJO, ME VOY DE VACACIONES, VIVO BIEN"
71,Media,"tengo un status de vida bueno, no solo no podemos crecer sino que intentamos no caernos, no tenemos chances de ascenso social"
246,Media,TENGO UNA PROFESION TIPICA DE CLASE MEDIA Y VIVO DE MI TRABAJO
949,Media,"TIENE CASA, TRABAJO Y COMODIDADES QUE LOS POBRES NO TIENEN"
645,Media,"TIENE DONDE VIVIR TIENE UN BUEN TRABAJO, VIVE BIEN"
173,Media,"tiene educación, casa, auto, tiene los requisitos necesarios"
385,Media,"tiene educación, trabajo, casa, buen pasar"
338,Media,TIENE LO NECESARIO PARA VIVIR
767,Media,"TIENE POSIBILIDADES DE EDUCACIÓN, DE UNA ALIMENTACION, TRABAJO"
1114,Media,"tiene su casa, puede darse algunos gustos"
724,Media,tiene todo lo que necesita
605,Media,TIENE UN BUEN PODER ADQUISITIIVO
532,Media,tienen lo justo para pasar el día a día pero no tienen un excedente demasiado grande como una clase media alta
283,Media,"toda la vida laburé, pero me doy unos lujos"
590,Media,todo lo que quiere se lo puede comprar
848,Media,"toma el parámetro económico y considera clase media baja a la que pertenece, por educación clase media-media"
479,Media,trabaja para vivir
721,Media,"trabaja y nunca le falta el dinero, tiene auto, se está terminando su casa"
361,Media,"TRABAJAMOS, SOMOS LOS QUE MANTENEMOS EL PAIS, LOS DE ARRIBA Y LOS DE ABAJO NO (POR DIFERENTES MOTIVOS)"
379,Media,trabajan los dos y están bien
535,Media,trabajan y quieren progresar
1025,Media,trabajó mucho para tener lo que tiene (ella y su esposo)
847,Media,trabajó para lograrlo
108,Media,"trabajo, me voy a una vez al año de vacaciones, no tengo autos, hijas y nietas van a escuela pública"
484,Media,trata de superarse y llega a fin de mes
175,Media,tratan de superarse día a día
136,Media,tuve educación y buen pasar
644,Media,TUVO LA OPORTUNIDAD DE TENER EDACACION SALUD Y TRABAJO
93,Media,"TUVO LA SUERTE DE NACER EN UN HOGAR DE CLASE MEDIA, ME PUDIERON BRINDA EDUCACIÓN, UN MONTON DE COSAS"
760,Media,"VIVO BIN NORMAL, NO PASO HAMBRE"
298,Media,VIVO CON LO JUSTO
770,Media,XQ VIVE CON LO JUSTO XQ LE CUESTA TODO
119,Media,y media alta no creo que sea.no poseo bienes para ser de otra clase.tengo la posibilidad de pagarme los estudios y mantenerme con mis estudios
231,Media,"YO PERTENEZCO SOCIOCULT. CLASE MEDIA ALTA, PERO ECONÓMICAMENTE CLASE MEDIA"
288,Media,"yo sería media baja , porque no soy clase alta ni baja, a nivel adquisitivo"
884,Media alta,creo que me siento dentro de la mayoría
6,Media alta,ingresos
53,Media alta,"ingresos, educación"
556,Media alta,NO POR LO QUE ESTA CONSTRUIDO SOCIALMENTE DE PERTENECER. TENGO LOS PROVILEGIOS QUE ME SUPE CONSEGUIR
853,Media alta,"NO VIVO MAL, VIVO BIEN, TENGO LO QUE QUIERO"
35,Media alta,"POR EDUCACIÓN, ENTORNO, NIVEL DE INGRESO, CALIDAD DE VIDA"
209,Media alta,"por el conjunto de amigos que tiene, la educación, las actividades que hace, las oportunidades y beneficios que tiene"
1105,Media alta,"POR EL ESFUERZO Y TIPO DE TRABAJO LA VIDA QUE HIZO, PARA PROGRESAR, TENER UN BUEN NIVEL DE VIDA"
272,Media alta,por el estandar de vida
271,Media alta,por el nivel de educación e ingresos
249,Media alta,POR EL NIVEL DE INGRESOS
262,Media alta,"por el nivel de ingresos, por el nivel de educación"
654,Media alta,POR EL TRABAJO QUE HACE Y EL AHORRO QUE TIENE
176,Media alta,POR INGRESOS QUE TENGO
31,Media alta,"POR LA PARTE ECONÓMICA A VECES EN ALA MEDIA ALTA, EN NUESTRO PAÍS NO HAY NINGUNA PERSONA QUE PROVENGA DE LAS CLASES ALTAS, NO EXISTIERON NOBLEZAS O REYES O FAMILIAS MUY ADINERADAS, SE FUE HACIENDO"
797,Media alta,"por la ubicación del domicilio, por las costumbres"
253,Media alta,POR LAS POSIBILIDADES QUE TIENE DE ACCEDER A EDUCACIÓN Y A DETERMINADAS RELACIONES
568,Media alta,POR LOS ESTUDIOS QUE LOGRE
33,Media alta,POR LOS INGRESOS QUE TENGO
252,Media alta,"POR LOS INGRESOS, POR EL NIVEL EDUCATIVO QUE TIENE Y POR EL ACCESO AL SISTEMA DE SALUD PRIVADO QUE TIENE (OSDE) QUE ESA ES UNA GRAN DIFERENCIA RESPECTO A LO QUE NO ESTUDIAN, ESO ES LO QUE ELLA LE DIO A SUS HIJOS"
34,Media alta,POR MI EDUCACIÓN FUNDAMENTALMENTE
121,Media alta,por una cuestión de ingresos y calidad de vida a nivel de consumo
17,Media alta,porque no soy descendiente de burócratas pero tengo buen pasar por ahora.por nivel de ingresos
941,Media alta,PORQUE NO TIENE OTROS REQUERIMIENTOS DE LOS QUE TIENE. ESTA CONFORME COMO ESTA
118,Media alta,"porque tengo acceso a contactos que la clase media no tiene, por mi familia"
787,Media alta,porque tengo buen ingreso en mi trabajo
57,Media alta,porque tengo ciertos accesos y beneficios a los que puedo acceder económicamente
278,Media alta,PORQUE TENGO ESTUDIO Y TRABAJO
274,Media alta,porque tengo más privilegios que la mayoría y menos que los más privilegiados
413,Media alta,porque tengo una casa grande 2 autos
299,Media alta,"PORQUE TERMINE ESTUDIOS, VIVO EN UN BARRIO CON SERVICIOS, TENGO AUTO"
11,Media alta,"TENGO MI PROPIEDAD, ME DEDICO A LO QUE QUIERO, NO TUVE NEVESIDAD DE SALIR A TRABAJAR, PUDE ESPERAR A TRABAJAR DE LO QUE QUERIA"
979,Obrera,A LA CLASE TRABAJADORA. FORMO PARTE DEL GRUPO QUE SALE A BUSCAR TRABAJO
817,Obrera,CONSIDERO QUE LO QUE TENGO LO TENGO TRABAJANDO NO TENGO EL LUJO DE NO TRBAJAR
400,Obrera,cuando estaba trabajando en la automotriz pertenecía a la clase media.hoy pertenece a la clase obrera porque día a día tiene que ganar para mantener a su familia
1113,Obrera,desde que tiene uso de razón trabaja
1115,Obrera,"durante toda la vida trabajó, es un trabajador"
1007,Obrera,ECONÓMICAMENTE TIENE TRABAJA Y SOBREVIVE CON SU SUELDO
692,Obrera,"el tema del trabajo, si no trabaja no puede mantener a sus hijos"
1130,Obrera,el trabaja para mantener a su familia
750,Obrera,ES LA PARTE DE LA GENTE HUMILDE QUE SIEMPRE TRABAJA PARA NO MORIRSE DE HAMBRE
751,Obrera,"ES LA UNICA FORMA DE LLEGAR A LO QUE UNO QUIERE LLEGAR, ES ES TRABAJANDO"
708,Obrera,es un trabajador
913,Obrera,está ahí
419,Obrera,ESTA DE ESE LADO
647,Obrera,hace esfuerzos para vivir
626,Obrera,HAY QUE TRABAJAR NO QUEDA OTRA
617,Obrera,hay que trabajar para ganarse el pan si no se muere de hambre
237,Obrera,hay que trabajar para vivir
487,Obrera,hay que trabajar para vivir
998,Obrera,la clase media podía vivir sin trabajar.yo antes era clase media.ahora tengo que trabajar día a día para vivir.la clase media ya desapareció
734,Obrera,la clase trabajadora a la cual pertenece es la que levanta al país
684,Obrera,LABURO Y ME ESFUERZO. NADIE ME DA NADA
441,Obrera,le gusta trabajar
995,Obrera,"LO QUE GANE CON SACRIFICIO, TRABAJANDO SIEMPRE"
619,Obrera,lo que tiene lo consiguió laburando nadie le regaló nada
737,Obrera,"lo que único que hace para vivir, más allá de lo que a uno le guste, es trabajar"
240,Obrera,lucha como cualquier otra persona para salir adelante
1044,Obrera,me considero un trabajador humilde
816,Obrera,MEDIA BAJA PORQUE HAY QUE ESTAR LABURANDO TODOS LOS DIAS
685,Obrera,MI MARIDO ES OBRERO Y YO SOY AMA DE CASA
468,Obrera,nació pobre sigue siendo pobre
453,Obrera,necesita trabajar para vivir
495,Obrera,"no baja la cabeza, no se da por vencido ni aún vencido"
480,Obrera,no llega a fin de mes
681,Obrera,NO LOGRO ALCANZAR OTRAS METAS PARA PERTENECER A OTRAS CLASES
927,Obrera,no me alcanza para darme gustos
488,Obrera,"no son pudientes, lo que ganan les alcanza para vivir ajustadamente"
233,Obrera,"NO SOY DE CLASE MEMDIA, MI SUELDO APENAS LLEGA A LA CANASTA BASICA"
22,Obrera,no tengo tanta ambición de pertenecer a otra
696,Obrera,no tienen nada si no trabajan
836,Obrera,"NOSOTROS TRABAJAMS, NUESTROS PADRES TAMBIEN TRABAJAN, SIEMPRE CON ESFUERZO"
711,Obrera,NS NC
526,Obrera,para tener todo lo que quiere tener tiene que trabajar
371,Obrera,PARA VIVIR NECESITA TRABAJAR
1024,Obrera,por como vive
469,Obrera,por el hecho que todavía no tiene su casa y no hubo oportunidad para que el gobierno nos permita acceder a ella
919,Obrera,por el nivel de vida que me puedo dar
699,Obrera,por el sacrificio de toda la vida
747,Obrera,"POR EL TEMA DE QUE EL TRABAJA, LE GUSTA TENER SUS COSAS"
303,Obrera,por el tema económico más que nada98
655,Obrera,POR EL TRABAJO
629,Obrera,POR EL TRABAJO
978,Obrera,POR EL TRABAJO QUE TENGO
804,Obrera,"por la forma que me cuesta conseguir empleo, no tengo casa propia"
1101,Obrera,"POR LA MANERA EN QUE LLEVE LA VIDA: PRODUCIR MIS COSAS, ARREGLARSELAS. NO ES HEREDADA DE LA COSTUMBRE DE LEER, FORMARSE, TENER ORGULLO LO QUE UNO ES, LA CONCIENCIA DE LO QUE NO ES, ELEVANDO LA CONCIENCIA DE CLASE"
363,Obrera,"POR LA SITUACION QUE VIVO, ESTAMOS CON EL DIA A DIA, HAY RECURSOS QUE NO TENGO"
208,Obrera,por laburante
691,Obrera,por las necesidades que pasan
370,Obrera,por lo que accede
84,Obrera,por lo que gana
340,Obrera,POR LO QUE GANO
25,Obrera,por los ingresos
1142,Obrera,"por los ingresos, por tener una casa modesta, por no tener vehículo, no poder irse de vacaciones, no tener cable"
703,Obrera,por mi forma de pensar
423,Obrera,por mi historia familiar
977,Obrera,"POR MIS TRABAJOS, POR MI HISTORIA FAMILIAR"
704,Obrera,"porque a pesar de los estudios cuesta conseguir trabajo por los sindicatos, la política"
414,Obrera,porque alquilando los pesos no alcanzan para nada.ya cien pesos son como si fueran diez
953,Obrera,PORQUE ASI NOS TILDAN
540,Obrera,porque de hambre no me muero pero tampoco llego a fin de mes
567,Obrera,PORQUE DEPENDEMOS DEL TRABAJO
593,Obrera,"porque dependo de mi trabajo, no me queda otra para poder seguir manteniendo mi casa y alimentando a mis hijos"
808,Obrera,PORQUE EL UNICO CAPITAL QUE TUVE ES SU FUERZA DE TRABAJO Y LA VENDE
601,Obrera,PORQUE ES HUMILDE
793,Obrera,"PORQUE ES LA CLASE TRABAJADORA, LA QUE TRABAJA"
1028,Obrera,porque es la laburante
675,Obrera,"porque es la que no se va de vacaciones, que lucha todos los días para tener la comida, me importa llegar a la quincena y que no me falte nada a mi hija o mi nieto"
914,Obrera,porque es obrero
651,Obrera,PORQUE ES POBRE SE IDENTIFICA CON LA CLASE OBRERA
969,Obrera,PORQUE ES UN TRABAJADOR
576,Obrera,porque es un trabajador
733,Obrera,"porque es un trabajador, saliendo adelante por sus propios medios"
589,Obrera,porque está luchando hace seis años para salir adelante
586,Obrera,porque está sin trabajo y se siente una inútil
472,Obrera,PORQUE ESTOY CON LA GENTE QUE TRABAJA PARA PODER SER MAS
430,Obrera,"porque estoy trabajando, no soy bancada…estuve y ahora estoy buscando esperando uno…"
97,Obrera,porque fui obrero y es la clase que más me representa
1006,Obrera,PORQUE GANA PARA PUCHEREAR
344,Obrera,PORQUE GRACIAS A LOS OBREROS EL PAIS TIENE LO QUE QUIERE
744,Obrera,PORQUE GRACIAS A MI TRABAJO PUEDO VIVIR
890,Obrera,"porque hay pobres, pobres y otros muy ricos, y yo soy clase obrera porque siempre tuve que trabajar"
755,Obrera,PORQUE HAY QUE TRABAJAR PARA VIVIR
102,Obrera,porque hay que trabajar sí o sí
397,Obrera,porque la familia siempre trabajó para ir superandosé
194,Obrera,"PORQUE LA REMO, TRABAJO PARA VIVIR Y MANTENER A MIS HIJOS"
51,Obrera,porque labura
907,Obrera,porque labura
709,Obrera,porque labura y siempre está igual
476,Obrera,"porque labura, no queda otra y alcanza para el mes, no más"
388,Obrera,PORQUE LABURO A FULL PARA CUBRIR Y A PENAS ALCANZA
917,Obrera,porque laburo mucho
720,Obrera,porque le gusta trabajar
1000,Obrera,porque lo mío fue siempre laburando
345,Obrera,PORQUE LO QUE GANAMOS ALANZA PARA LO ELEMENTAL
689,Obrera,"porque lo que tenes, lo tenes trabajando"
759,Obrera,PORQUE LO QUE TENGO LO GANE TRABAJANDO
918,Obrera,"porque los chicos no están mal.no tengo mucho, pero estamos bien"
404,Obrera,PORQUE ME CRIE ASI
729,Obrera,PORQUE ME GANO EL PAN TRABAJANDO
433,Obrera,porque me gano la plata trabajando
352,Obrera,PORQUE ME LA PASO LABURANDO
314,Obrera,"PORQUE ME LA PASO LABURANDO, NECESITAO TRABAJAR DURANTE GRAN PARTE DEL AÑO PARA DISFRUTAR DE LAS COSAS, PARA TENER UN MEJOR CONFORT"
435,Obrera,porque me mato trabajando
727,Obrera,PORQUE ME TENGO QUE GANAR LA PLATA SIEMPRE TRABAJANDO
471,Obrera,PORQUE ME TENGO QUE LEVANTAR TODOS LOS DIAS A TRABAJAR SINO TRABAJO NO COMO
332,Obrera,PORQUE MELA PASO TRABAJANDO
777,Obrera,porque mi fuerza productiva es el trabajo
196,Obrera,"porque mi marido es un enfermero, es un obrero, no médico"
166,Obrera,"PORQUE MI MARIDO LABURA, GRACIAS A DIOS NO NOS FALTA NADA. TENEMOS UN TECHO DONDE VIVIR, QUE ES LO PRINCIPAL."
425,Obrera,porque mis dos viejos fueron laburantes
701,Obrera,porque mis viejos trabajaban en fábricas siempre en negro
929,Obrera,porque nací obrera.porque no soy la hermana de macri
658,Obrera,porque nada le vino de arriba y siempr trabajó
632,Obrera,porque nadie me dio nada y siempre trabajé
234,Obrera,PORQUE NECESITO LABURAR PARA VIVIR
267,Obrera,"PORQUE NECESITO TRBAAJAR PARA PODER VIVIR, SOSTENERME, Y ES CON LA FUERZA DE MI TRABAJO, Y TENGO UN IDOLO QUE ME REPRESENTA Y REPRESENTA A UN SECTOR"
624,Obrera,porque no creo en la clase media.porque mi familia y yo misma sigo siendo proletariada.obreros como cualquiera.algunos tienen más suerte pero siguen siendo obreros.conciencia de clase
460,Obrera,porque no es rica
869,Obrera,"PORQUE NO ESTOY LLENO DE PLATA, TODOS TRABAJAMOS EN LA CASA"
336,Obrera,PORQUE NO FUI CAPAZ PARA AVANZAR MAS NI APROVECHAR LOS BUENOS MOMENTOS
789,Obrera,porque no gana tanto para llegar a ser clase media
75,Obrera,"porque no me alcanza para vivir, me financio, vivo adeudada"
401,Obrera,PORQUE NO NOS FALTA PERO TAMPOCO NOS SOBRA
883,Obrera,"porque no puedo pertenecer a otra clase.me falta mucho estudio, otra cosa porque mi aspiración más alta no puede llegar"
739,Obrera,porque no roba
887,Obrera,porque no se identifica con ninguna de las otras
581,Obrera,porque no soy clase baja por lo monetario.por educación soy de clase media
805,Obrera,"porque no tengo casa propia, tengo auto viejo"
832,Obrera,porque no tengo demasiado y tampoco soy pobre
894,Obrera,"porque no tengo los estudios, si los tuviese estaría en otra clase"
565,Obrera,"porque no tengo nada importante, lo único que sé es trabajar"
688,Obrera,porque no tengo propiedades y tengo para comer
81,Obrera,porque no tiene estudios y tiene que hacer lo que que le enseñaron y aprendió bien
640,Obrera,"porque no tiene los medios, se hace muy difícil para el pobre el día a día"
302,Obrera,"porque no tuve las posibilidades que tuvo otra gente, no te dan la posibilidad de desarrollarte"
888,Obrera,porque nosotros trabajamos para pagar las cosas
858,Obrera,"porque nosotros trabajamos, si no trabajaramos no tendríamos nada"
856,Obrera,"porque para mí hoy en día no existe la clase media, por lo menos en mi entorno"
776,Obrera,"porque para poder irme de vacaciones tengo que juntar un año para irme 5 días.si fuese clase media no tenés que ahorrar para irte, te vas y listo"
420,Obrera,"PORQUE PERTENECE A LA GENTE QUE SI NO TRABAJA NO PODES VIVIR, NO SOS NADIE EN REALIDAD"
742,Obrera,PORQUE PUEDO ALCANZAR UN MINIMO BIENESTAR PERO GRACIAS A MUCHO ESFUERZO EN EL TRABAJO
42,Obrera,porque puedo cubrir mis necesidades básicas gracias a mucho esfuerzo
500,Obrera,porque sabe que va a tener que trabajar para llegar a donde él quiere
719,Obrera,porque se ganó la vida trabajando
215,Obrera,PORQUE SE SIENTE TRABAJADOR
409,Obrera,PORQUE SI NO TRABAJA NO COME
309,Obrera,"porque si no trabaja no come, la subsistencia es a diario"
753,Obrera,PORQUE SI NO TRABAJA NO TIENE NADA Y QUIERE DORMIR TRANQUILA
924,Obrera,porque si no trabajas no comes
538,Obrera,porque si no trabajo no vive mi familia
889,Obrera,"porque siempre estoy igual, llegas justo a fin de mes, vivo al día y no tengo lujos"
934,Obrera,PORQUE SIEMPRE ESTOY TRABAJANDO
636,Obrera,porque siempre ha trabajado para sobrevivir98
152,Obrera,PORQUE SIEMPRE NECESITE TRABAJAR PARA MANTENERME
947,Obrera,PORQUE SIEMPRE RTABAJO Y AL POBRE LE CUESTA MUCHO TENER ALGO
499,Obrera,porque siempre se ve en la misma situación a pesar que trabaje
1109,Obrera,porque siempre trabaja y casi no le alcanza para llegar a fin de mes
726,Obrera,PORQUE SIEMPRE TRABAJE
392,Obrera,porque siempre trabajé
431,Obrera,porque siempre trabajé
429,Obrera,porque siempre trabajé
899,Obrera,porque siempre trabajé y me sacrifiqué por conseguir un mango
434,Obrera,porque siempre trabajé y yo no tengo guita
898,Obrera,"porque siempre trabajé, tengo lo mío trabajando"
1041,Obrera,porque siempre trabajé.de los quince años
752,Obrera,PORQUE SIEMPRE TRABAJO
844,Obrera,porque siempre trabajó
464,Obrera,porque siempre trabajó
678,Obrera,PORQUE SIEMPRE TRABAJO DURAMENTE
529,Obrera,porque siempre trabajó en lo que pudo
239,Obrera,porque siempre trabajó en lo que pudo para seguir adelante
642,Obrera,PORQUE SIEMPRE TRABAJO PARA PODER VIVIR MEDIANAMENTE BIEN
694,Obrera,porque siempre trabajó y cree que es una trabajadora
798,Obrera,"porque siempre trabajó, es un obrero.no trabaja por su cuenta"
1023,Obrera,"porque siempre trabajó, nunca le faltó para comer"
946,Obrera,PORQUE SIEMPRE TRBAAJO Y LO QUE TIENEN LO HICIERON TRABAJANDO DURO
852,Obrera,PORQUE SIEMPRE VIVIO TRABAJANDO Y SIEMPRE TRABAJA
321,Obrera,"PORQUE SINO TRABAJO NO COMO, NADIE ME REGALA NADA"
190,Obrera,porque somos laburantes. Aunque la clase obrera también estaría dentro de la clase media
831,Obrera,porque somos los que ganamos el dinero trabajando.vivimos del trabajo solamente
61,Obrera,PORQUE SOMOS LOS QUE TODOS LOS DIAS LABURAMOS
667,Obrera,PORQUE SOMOS POBRES
987,Obrera,porque somos trabajadores.tenemos que trabajar siempre para mantenernos
463,Obrera,porque son laburantes
909,Obrera,porque son todos trabajadores
730,Obrera,PORQUE SOY LABURANTE
935,Obrera,PORQUE SOY SIMPLE Y LABURANTE
1122,Obrera,PORQUE SOY TRABAJADORA
588,Obrera,porque soy un laburante
416,Obrera,"PORQUE SOY UN LABURANTE, NO HAGO OTRA COSA QUE LABURAR"
169,Obrera,PORQUE SOY UN OBRERO
68,Obrera,"porque soy un obrero, toda la vida de familia obrera.eso no va a cambiar a pesar que el día de mañana tenga dinero"
386,Obrera,"PORQUE SOY UN OBRERO, UN TRABAJADOR"
578,Obrera,porque soy un trabajador
24,Obrera,porque soy una laburante
67,Obrera,porque soy una persona común trabajo siempre
980,Obrera,PORQUE SOY UNA TRABAJADORA
771,Obrera,porque soy una trabajadora full time.el sueldo no me hacía pasar a otros niveles.la clase media es una clase alta. Todo siempre me costó mucho
481,Obrera,porque su familia es toda trabajadora
1008,Obrera,PORQUE SU VIDA ES TRABAJAR Y TRABAJAR
357,Obrera,"PORQUE TENEMOS TRABAJO, PORQUE CON MI SUELDO ALCANZA PARA VIVIR, TENGO AUTO"
547,Obrera,"PORQUE TENGO CASA, TENEMOS TRABAJO QUE ALCANZA PARA VIVIR Y ALGO MAS PERO CLASE MEDIA TIENE MAS"
304,Obrera,"porque tengo para comer, vivir y salir a veces"
63,Obrera,PORQUE TENGO QUE LABURAR PARA SEGUIR VIVIENDO Y TENGO LO INDISPENSABLE VIV. NO LA CLASE MEDIA DE MIS VIEJOS
355,Obrera,PORQUE TENGO QUE TRABAJAR MUCHO PARA PODER CUBRIR MIS NECESIDADES BASICAS
1132,Obrera,PORQUE TENGO QUE TRABAJAR MUCHO PARA VIVIR EL DIA A DIA
906,Obrera,"porque tengo que trabajar para sobrevivir, no vivo de renta ni de la ayuda del estado"
23,Obrera,"porque tengo que trabajar, sino laburás no progresas. Sino tenés que ser un garca"
895,Obrera,"porque tengo que trabajar, vivio al día, alquilo y a veces no llego al día"
485,Obrera,"porque tengo todo mi vida, lo poco que logré fue siempre con sacrificio, no dependiendo de nadie"
539,Obrera,porque tengo un salario que no es muy grande y cumplo una jornada de trabajo de lunes a viernes bajo dependencia
405,Obrera,PORQUE TENGO UN TRABAJO ESTABLE Y UNA BUENA EDUCACIÓN
893,Obrera,"porque tengo una profesión, soy un trabajador"
740,Obrera,porque tiene que trabajar para vivir
649,Obrera,porque tiene que trabajar para vivir como todo pobre
746,Obrera,PORQUE TIENE SU CASA Y NUNCA DEJO DE TRABAJAR
886,Obrera,"porque tienen que trabajar para sobrevivir, para poder tener algo"
926,Obrera,porque toda la vida se mató laburando.nadie le regala nada
609,Obrera,porque toda la vida trabajé
421,Obrera,"porque toda mi vida fue así, por mis familiares, por mis padres"
616,Obrera,porque toda su vida trabajó
660,Obrera,"porque toda su vida trabajó, nunca nadie le dio nadaº"
607,Obrera,porque todo lo que conseguí fue por mi propio trabajo.no recibí ayuda ni herencias
925,Obrera,porque todo lo que hago es trabajar
807,Obrera,PORQUE TRABAJA
380,Obrera,porque trabaja
236,Obrera,porque trabaja desde chico
725,Obrera,porque trabaja día tras día todos los días del año
384,Obrera,porque trabaja mucho para mantener su hogar
530,Obrera,porque trabaja mucho para poder salir adelante
945,Obrera,PORQUE TRABAJA PARA SOBREVIVIR
646,Obrera,porque trabaja para sobrevivir
717,Obrera,porque trabaja para vivir
478,Obrera,porque trabaja siempre y vive sola
217,Obrera,porque trabaja y mucho para obtenener lo que quier
1117,Obrera,"porque trabaja, trabaja y trabaja"
1134,Obrera,PORQUE TRABAJABAN PARA TENER UN MINIMO DE VIDA DIGNA
342,Obrera,PORQUE TRABAJAMOS
366,Obrera,"porque trabajamos para vivir, no nos falta pero tampoco nos sobra, es esfuerzo"
855,Obrera,"PORQUE TRABAJAMOS SIEMPRE, NADIE NOS DA NADA"
954,Obrera,PORQUE TRABAJAMOS TODA LA VIDA
584,Obrera,porque trabajamos todo el día y a veces no llegamos a fin de mes
999,Obrera,"porque trabajamos, sobrevivimos.no nos falta, pero vivimos al día"
976,Obrera,PORQUE TRABAJE TODA LA VIDA Y LO QUE TENGO LO CONSEGUI TRABAJANDO
631,Obrera,porque trabajé toda mi vida
1111,Obrera,porque trabajé y trabajé siempre98
668,Obrera,PORQUE TRABAJO
180,Obrera,PORQUE TRABAJO
168,Obrera,PORQUE TRABAJO
608,Obrera,porque trabajo
351,Obrera,PORQUE TRABAJO
923,Obrera,porque trabajo
672,Obrera,porque trabajo
331,Obrera,PORQUE TRABAJO
840,Obrera,PORQUE TRABAJO MUCHISIMO
606,Obrera,"porque trabajo mucho para acceder a los mínimos requerimientos como estudiar, comer, vestirse"
1128,Obrera,porque trabajo para comer
242,Obrera,porque trabajo para tener lo que tengo
395,Obrera,porque trabajo para vivir
715,Obrera,PORQUE TRABAJO TODA LA VIDA
732,Obrera,porque trabajó toda su vida
912,Obrera,porque trabajó toda su vida
628,Obrera,PORQUE TRABAJO TODA SU VIDA LABURANTE TOTAL
528,Obrera,"porque trabajó toda su vida, nadie le regaló nada"
1003,Obrera,porque trabajo y me esfuerzo para que me quede algo y no alcanza
774,Obrera,porque trabajo y no tengo muchos recursos económicos.no alcanza para cubrir todo lo que necesito
693,Obrera,porque trabajo y su ganancia no es mucha
96,Obrera,"porque trabajo y tengo que trabajar para subsistir, no me mantiene nadie"
627,Obrera,PORQUE TRABAJO Y VIVIO UNA VIDA HONESTA LUCHANDO
591,Obrera,porque trabajo y vivo de lo que trabajo
637,Obrera,porque trabja y otra cosa no hace
270,Obrera,"PORQUE UNO TIENE QUE TRABAJAR, NO TE DA NADIE NADA. NUNCA HE RECIBIDO NADA DE POLITICOS. NOSTROS SI TENEMOS QUE TRABAJAR, TENEMOS QUE CUMPLIR"
323,Obrera,PORQUE VENGO DE FAMILIA TRABAJADORA
939,Obrera,PORQUE VIENE DE FAMILIA LABURADORA
679,Obrera,PORQUE VIENE DE UNA FAMILIA DE TRABAJADORES Y SU ESPOSO ES UN TRABAJADOR
809,Obrera,"PORQUE VIVE, LO QUE GANA PARA COMER Y PAGAR IMPUESTOS"
700,Obrera,porque viven al día
362,Obrera,PORQUE VIVIMOS DE NUESTRO TRABAJO
838,Obrera,"PORQUE VIVMOS EL DIA A DIA, NOS ALCANZA LO JUSTO"
615,Obrera,"porque vivo de mi laburo, mi única fuente de trabajo y sostén"
839,Obrera,"PORQUE VIVO DE MI LABURO, NUNCA ME DIERON U SUBSIDIO, EL OBRERO TIENE DESIGUALDAD"
611,Obrera,porque vivo de mi trabajo
9,Obrera,"porque vivo de mi trabajo diario, no tengo ahorros"
803,Obrera,porque vivo solo de mi trabajo
882,Obrera,porque vivo trabajando
353,Obrera,PORQUE VIVO TRABAJANDO
997,Obrera,porque vivo trabajando; sino trabajo no tengo lo que tengo
595,Obrera,porque vivo y viví siempre de mi trabajo
833,Obrera,porque yo siempre trabajo
418,Obrera,"PORQUE YO TRABAJO, MI MARIDO TRABAJA, SIN TRABAJO NO LLEGAMOS A NINGUN LADO"
1118,Obrera,"primero por sus ideas, porque no puede aparentar algo que no es"
44,Obrera,puedo satisfacer mis necesidades pero a precio de tener que estar todo el tiempo trabajando y no disfrutar de lo que consigo de ese trabajo
1030,Obrera,"sale de ahí, del trabajo diario98"
125,Obrera,se considera obrero
698,Obrera,se considera trabajador
458,Obrera,se considera un obrero
1129,Obrera,se considera un trabajador obrero
722,Obrera,se dedica a trabajar
641,Obrera,SE LA PASA TRABAJANDO
1034,Obrera,se la pasa trabajando para poder vivir y mantener a su familia
490,Obrera,"se levanta todos los días a trabajar, a ganar el sustento para su familia"
216,Obrera,"se pasa trabajando y medianamanete se da los gustos, se va de vacaciones con su hija"
964,Obrera,se trabaja para otros
707,Obrera,si el marido no labura no comen
936,Obrera,SI NO SE LABURA NO SE COME
373,Obrera,SI NO SE TRABAJA SE MUERE DE HAMBRE
493,Obrera,"si no se trabaja, nada lo respalda"
396,Obrera,si no trabaja no come
680,Obrera,SI NO TRABAJA NO PUEDE ALIMENTAR A LA FAMILIA
457,Obrera,"si no trabaja no vive, vive de lo que gana"
710,Obrera,si no trabaja todos los días no se come
656,Obrera,si no trabajara no podría mantener su casa ya quesu esposo no tiene trabajo estable
408,Obrera,SI NO TRABAJARAN NO ENTRARIA DINERO A LA CASA PARA VIVIR
442,Obrera,sí o sí tienen que trabajar
1120,Obrera,siempre fue un obrero que depende de otra persona para traer el pan a su casa
677,Obrera,SIEMPRE FUE UN TRABAJADOR Y GANA LO JUSTO PARA VIVIR
398,Obrera,"siempre ha trabajado, todo lo que consiguió lo hizo de esa manera"
238,Obrera,siempre han trabajado
961,Obrera,siempre hay que trabajar si quiere tener algo
652,Obrera,SIEMPRE LA FAMILIA TRABAJO PARA PODER VIVIR AL DIA NO DA PARA MAS
695,Obrera,siempre salió adelante con lo poco que tenía
482,Obrera,siempre trabajaron
736,Obrera,siempre trabajó en lo que pudo
498,Obrera,siempre trabajó para poder subsistir
1119,Obrera,siempre trabajo para poder vivir no le falta pero tampoco le sobra
489,Obrera,"siempre trabajó, nadie le dio nada"
955,Obrera,SIEMPRE TUVE QUE TRABAJAR PARA OTROS
937,Obrera,SOLO EL TRABAJO PERMITE ACCEDER A CUBRIR LAS NECESIDADES MINIMAS
585,Obrera,somos los que no llegamos a tener una empresa
682,Obrera,SOMOS TRABAJADORES
972,Obrera,somos trabajadores lo que tenemos lo hicimos trabajando
1110,Obrera,"son humildes, vienen de abajo"
382,Obrera,son los que trabajan y siempre están en la misma
496,Obrera,"son todos trabajadores, no les falta nada pero tampoco llegan a la clase alta"
643,Obrera,SON TRABAJDORES TODA LA FAMILIA
854,Obrera,"SOY LABURANTE, TODOS MIS HIJOS SON OBREROS"
613,Obrera,"soy un tipo laburante, un trabajador"
965,Obrera,su familia siempre trabajó
749,Obrera,SU VIDE ES PURO TRABAJO
916,Obrera,"tengo trabajo y puedo mantener a mi familia (obrera es lo mismo, porque no tengo propiedad)"
706,Obrera,tiene capacidad para trabajar
381,Obrera,"tiene lo esencial, alimento y una vivienda"
454,Obrera,tiene que trabajar el día a día
718,Obrera,tiene que trabajar para la educació
735,Obrera,tiene que trabajar para tener lo que quieren
407,Obrera,TIENE QUE TRABAJAR PARA TRAER EL SUSTENTO A SU FAMILIA
444,Obrera,tiene que trabajar para vivir
306,Obrera,tiene que trabajar para vivir98
406,Obrera,TIENE QUE TRBAAJAR PARA LLEVAR DINERO A SU CASA
466,Obrera,tienen que trabajar y tienen menos privilegios que otros
846,Obrera,toda la vida laburó
455,Obrera,toda la vida trabajó en obras
801,Obrera,toda mi familia trabajó desde siempre
459,Obrera,toda su familia siempre ha trabajado y mucho sin poder salir de la pobreza
962,Obrera,toda su vda trabajó para tener lo poco que tiene
451,Obrera,toda su vida trabajó para vivir mientras estuvo sola
618,Obrera,todavía la está luchando
467,Obrera,todavía no llego a sus metas
494,Obrera,todo lo consigue trabajando con esfuerzo
915,Obrera,"todo lo hizo a pulmón, siguió la educación que le impartió su madre"
970,Obrera,TODO LO QUE TIENE LA HIZO EN BASE AL TRABAJO
948,Obrera,TODO LO QUE TIENE LO HIZO TRABAJANDO JUNTO A SU MARIDO
456,Obrera,todo lo que tiene lo hizo trabajando nadie le regaló nada
669,Obrera,TRABAJA DESDE CHICO PARA QUE NO LE FALTE NADA
443,Obrera,trabaja para poder vivir98
372,Obrera,TRABAJA PARA VIVIR
1107,Obrera,trabajan los dos y no les alcanza
748,Obrera,"TRABAJANDO, NO SE CONSIDERA INDIGENTE"
634,Obrera,trabajé siempre y dependo de un sueldo
394,Obrera,"trabajé toda mi vida y sobrevivo, no te salvas"
570,Obrera,TRABAJO PARA VIVIR Y MANTENER A MI FAMILIA
850,Obrera,trabajó toda la vida
492,Obrera,trabajó toda su vida
849,Obrera,trabajó toda su vida
445,Obrera,trabjó mucho para tener lo que tiene
235,Obrera,UNA TRABAJA TANTO Y EN VEZ DE TENER LO QUE UNO SUEÑA EL GOBERINO TE VA SACANDO Y POR MAS ESFUERZO QUE AHCES ESTAS DONDE MISMO
477,Obrera,vive al día
723,Obrera,viven de su trabajo
653,Obrera,"VIVEN DEL TRABAJO, LO QUE PUEDEN HACER"
172,Obrera,"vivir para trabajar no, trabajar para vivir es lo que siempre hizo"
337,Obrera,VIVO TRABAJANDO Y NO AVANZO
365,Obrera,"Y PORQUE NO TENGO YATE, CASA GRANDE, ME VOY DE VACACIONES DE VEZ EN CUANDO"
781,Obrera,Y QUE ESTAS OPRIMIDO POR LAS DOS CLASES SOCIALES DE ABAJO Y DE LAS DE ARRIBA
986,Obrera,yo soy un simple trabajador
