id,identidad autopercibida,texto,predicciones_chatgpt
763,Media,"PORQUE NO ME FALTA COMIDA NUNCA, PUEDO MANDAR A MIS HIJOS A ESTUDIAR","comida, educación"
133,Media,"por lo que gano, por lo que trabajo, por mi poder adquisitivo.soy media para abajo","trabajo, ingresos, poder adquisitivo"
481,Obrera,porque su familia es toda trabajadora,"familia, trabajo"
1028,Obrera,porque es la laburante,trabajo
615,Obrera,"porque vivo de mi laburo, mi única fuente de trabajo y sostén","trabajo, sustento"
408,Obrera,SI NO TRABAJARAN NO ENTRARIA DINERO A LA CASA PARA VIVIR,"trabajo, ingresos, vivir"
498,Obrera,siempre trabajó para poder subsistir,"trabajo, subsistir"
734,Obrera,la clase trabajadora a la cual pertenece es la que levanta al país,clase trabajadora
353,Obrera,PORQUE VIVO TRABAJANDO,trabajo
805,Obrera,"porque no tengo casa propia, tengo auto viejo","vivienda, auto"
885,Media,"porque estamos por este gobierno.por razones políticas, país inestable, damos diez pasos adelante y otros diez pasos atrás.retrocedemos un montón","gobierno, políticas, país inestable"
684,Obrera,LABURO Y ME ESFUERZO. NADIE ME DA NADA,trabajo
1115,Obrera,"durante toda la vida trabajó, es un trabajador",trabajo
568,Media alta,POR LOS ESTUDIOS QUE LOGRE,educación
329,Media,"porque no tengo ninguna necesidad, pero tampoco tengo la plata para hacer todo lo que quisiera","ingresos, dinero"
88,Media,nivel económico y lo que pued hacer,"ingresos, capacidad económica"
1102,Media,"MEDIA, TENGO ACCESO A VARIAS COSAS, A LO ECONÓMICO, E INTELECTUAL, TAMBIEN TENGO ESTUDIOS QUE ME DAN POSIBILIDADES","media, acceso económico, acceso intelectual, estudios"
488,Obrera,"no son pudientes, lo que ganan les alcanza para vivir ajustadamente","ingresos, vivir ajustadamente"
685,Obrera,MI MARIDO ES OBRERO Y YO SOY AMA DE CASA,"trabajo, familia, vivienda"
281,Media,"por formación, por tener algo de estudios, aunque no terminé nada",educación
771,Obrera,porque soy una trabajadora full time.el sueldo no me hacía pasar a otros niveles.la clase media es una clase alta. Todo siempre me costó mucho,"trabajo, sueldo, nivel social"
898,Obrera,"porque siempre trabajé, tengo lo mío trabajando",trabajo
445,Obrera,trabjó mucho para tener lo que tiene,trabajo
205,Baja,PORQUE NO TIENE UN INGRESO BUENO,ingresos
352,Obrera,PORQUE ME LA PASO LABURANDO,trabajo
221,Media,porque la cultura que tene es la de un pequeño burgués.que no es ni buena ni mala.tiene que ver también con las determinadas posiblidades de vida,"cultura, posibilidades de vida"
850,Obrera,trabajó toda la vida,trabajo
386,Obrera,"PORQUE SOY UN OBRERO, UN TRABAJADOR",trabajo
44,Obrera,puedo satisfacer mis necesidades pero a precio de tener que estar todo el tiempo trabajando y no disfrutar de lo que consigo de ese trabajo,trabajo
468,Obrera,nació pobre sigue siendo pobre,ingresos
529,Obrera,porque siempre trabajó en lo que pudo,trabajo
594,Media,"porque alcanza para vivir y para mantener sus cosas, por eso ni alta ni baja","ingresos, vivienda"
868,Media,PORQUE TRABAJA PARA GANARSE EL SUSTENTO Y PAGAR CUENTAS Y SUBSISTIR,"trabajo, ingresos, subsistir"
396,Obrera,si no trabaja no come,"trabajo, comida"
1114,Media,"tiene su casa, puede darse algunos gustos","vivienda, consumo"
776,Obrera,"porque para poder irme de vacaciones tengo que juntar un año para irme 5 días.si fuese clase media no tenés que ahorrar para irte, te vas y listo","vacaciones, ahorro"
766,Media,EN FUNCION A INGRESOS,ingresos
877,Media,"HOY NO ESTA TRABAJANDO, PORQUE GANA LO QUE GANA SIEMPRE TENES POCA PLATA. ESTA TODO MUY CARO","trabajo, ingresos, precios altos"
633,Baja,porque soy trabajador,trabajo
945,Obrera,PORQUE TRABAJA PARA SOBREVIVIR,"trabajo, sobrevivir"
390,Baja,"POR EL INGRESO QUE UNO TIENE, UNO VIVE COMO PUEDE",ingresos
1130,Obrera,el trabaja para mantener a su familia,"trabajo, familia"
939,Obrera,PORQUE VIENE DE FAMILIA LABURADORA,"familia, trabajo"
588,Obrera,porque soy un laburante,trabajo
65,Media,POR UN ESTANDAR DE VIDA MEDIO98,estándar de vida
394,Obrera,"trabajé toda mi vida y sobrevivo, no te salvas",trabajo
611,Obrera,porque vivo de mi trabajo,trabajo
891,Media,porque trabajo de lo que hago,trabajo
849,Obrera,trabajó toda su vida,trabajo
893,Obrera,"porque tengo una profesión, soy un trabajador",trabajo
226,Media,solamente por un estandar de vida y salario.porque está encasillado así,salario
46,Media,"POR LA LIGA EN LA QUE JUEGO, TENGO PREPARACIÓN, AUNQUE ECONÓMICAMENTE SOY POBRE, HOY NO PRODUZCO NADA, TENGO DIFICULTADES PARA PAGAR MIS CUENTAS, PERO NO PUEDO CONSIDERARME CLASE BAJA PORQUE ME FUI UN TIEMPO A EUROPA","trabajo, preparación, clase baja"
356,Baja,CLASE ALTA ES CUANDO UNO TIENE ALGO Y YO TODAVIA NI UNA BICI TENGO,"clase alta, posesiones"
800,Media,"porque tiene una casa, pudo estudiar y vive más o menos bien","vivienda, educación"
11,Media alta,"TENGO MI PROPIEDAD, ME DEDICO A LO QUE QUIERO, NO TUVE NEVESIDAD DE SALIR A TRABAJAR, PUDE ESPERAR A TRABAJAR DE LO QUE QUERIA","propiedad, trabajo, necesidad, educación"
1,Media,POR EL TIPO DE VIDA,vida
867,Media,PORQUE HAY UN SUELDO QUE ENTRE TODOS LOS MESESVIVE Y TIENE CAPACIDAD DE AHORRO,"ingresos, ahorro"
283,Media,"toda la vida laburé, pero me doy unos lujos","trabajo, consumo"
451,Obrera,toda su vida trabajó para vivir mientras estuvo sola,"trabajo, vivienda"
357,Obrera,"PORQUE TENEMOS TRABAJO, PORQUE CON MI SUELDO ALCANZA PARA VIVIR, TENGO AUTO","trabajo, ingresos, vivienda, transporte"
163,Media,POR LOS INGRESOS QUE TENGO Y LA EDUCACIÓN,"ingresos, educación"
130,Media,"porque son propietarias porque pude viajar, y tengo un buen nivel educativo y económico","propietarias, viajar, nivel educativo, económico"
1103,Baja,SU NO TRABAJO NO COMO Y VIVO EN LA CALLE,"trabajo, vivienda"
928,Baja,si fuese por lo económico no.por el lugar donde vive,vivienda
496,Obrera,"son todos trabajadores, no les falta nada pero tampoco llegan a la clase alta","trabajadores, clase alta"
557,Media,PORQUE TENGO ESTUDIOS COMPLETOS Y UN TRABAJO,"educación, trabajo"
304,Obrera,"porque tengo para comer, vivir y salir a veces","comida, vivienda, ocio"
943,Media,PORQUE LE ALCANZA PARA VIVIR. NO LE FALTA PERO TAMPOCO LE SOBRA,ingresos
267,Obrera,"PORQUE NECESITO TRBAAJAR PARA PODER VIVIR, SOSTENERME, Y ES CON LA FUERZA DE MI TRABAJO, Y TENGO UN IDOLO QUE ME REPRESENTA Y REPRESENTA A UN SECTOR","trabajo, vivir, sostenerse, fuerza de trabajo, ídolo, sector"
640,Obrera,"porque no tiene los medios, se hace muy difícil para el pobre el día a día","ingresos, día a día"
591,Obrera,porque trabajo y vivo de lo que trabajo,trabajo
399,Media,porque todo lo que tiene lo hizo trabajando,trabajo
98,Media,"porque no tiene bienes para inscribirse dentro de la alta burguesía, tengo un nivel de vida medio","burguesía, bienes, nivel de vida"
47,Media,"POR LOS INGRESOS, QUE UNO TIENE, POR EL TRABAJO","ingresos, trabajo"
947,Obrera,PORQUE SIEMPRE RTABAJO Y AL POBRE LE CUESTA MUCHO TENER ALGO,"trabajo, pobreza"
461,Baja,"por mi condición de excluido, y haga lo que haga sería clase obrera","excluido, clase obrera"
671,Media,por la parte económica,económica
1001,Baja,"porque la clase alta y media son las que tienen dinero, la clase baja son los que menos tienen","clase alta, clase media, clase baja, dinero"
1101,Obrera,"POR LA MANERA EN QUE LLEVE LA VIDA: PRODUCIR MIS COSAS, ARREGLARSELAS. NO ES HEREDADA DE LA COSTUMBRE DE LEER, FORMARSE, TENER ORGULLO LO QUE UNO ES, LA CONCIENCIA DE LO QUE NO ES, ELEVANDO LA CONCIENCIA DE CLASE","vida, producir, arreglárselas, leer, formarse, orgullo, conciencia, clase"
126,Media,por capital económico y condiciones laborales,"ingresos, condiciones laborales"
479,Media,trabaja para vivir,"trabajo, vivir"
847,Media,trabajó para lograrlo,trabajo
4,Media,"POR INGRESOS, CONDICIONES DE VIDA, HÁBITOS CULTURALES, VALORES","ingresos, condiciones de vida, hábitos culturales, valores"
675,Obrera,"porque es la que no se va de vacaciones, que lucha todos los días para tener la comida, me importa llegar a la quincena y que no me falte nada a mi hija o mi nieto","trabajo, comida, familia"
730,Obrera,PORQUE SOY LABURANTE,trabajo
798,Obrera,"porque siempre trabajó, es un obrero.no trabaja por su cuenta","trabajo, obrero"
415,Media,porque tengo un modo de vida más o menos bien.llega bien a fin de mes,ingresos
326,Media,porque mi marido es jubilado y sigue trabajando y todo lo que tenemos es un esfuerzo,"trabajo, jubilado, esfuerzo"
777,Obrera,porque mi fuerza productiva es el trabajo,trabajo
932,Media,PORQUE TENGO LA POSIBILIDAD EN OTRO NIVEL DE CLASE,nivel de clase
333,Baja,PORQUE TENGO QUE TRABAJAR MUCHO PARA ACCEDER A CUBIRIR LAS NECESIDADES BASICAS,"trabajo, necesidades básicas"
105,Media,no soy ni rica ni pobre,ninguna respuesta específica
803,Obrera,porque vivo solo de mi trabajo,trabajo
963,Baja,"por el barrio en que vive.los días de lluvia no llega limpia a la estación de glew, por el barrio que hay no entran ambulancias ni policías","vivienda, barrio"
1128,Obrera,porque trabajo para comer,"trabajo, comida"
15,Media,POR LOS ESTUDIOS QUE TUVE,educación
528,Obrera,"porque trabajó toda su vida, nadie le regaló nada",trabajo
733,Obrera,"porque es un trabajador, saliendo adelante por sus propios medios",trabajo
157,Media,PORQUE SUBSISTO TODOS LOS DÍAS,subsisto todos los días
1109,Obrera,porque siempre trabaja y casi no le alcanza para llegar a fin de mes,"trabajo, ingresos"
321,Obrera,"PORQUE SINO TRABAJO NO COMO, NADIE ME REGALA NADA",trabajo
545,Media,"POR EL PODER ADQUISITIVO QUE TENGO, TENGO UN TRABAJO Y PUEDO PAGAR UN ALQUILER. PUEDO MANTENERME Y DARME ALGUN GUSTO","trabajo, ingresos, vivienda, consumo"
961,Obrera,siempre hay que trabajar si quiere tener algo,"trabajo, tener algo"
643,Obrera,SON TRABAJDORES TODA LA FAMILIA,"trabajo, familia"
635,Media,porque tenemos suficientes ingresos,ingresos
60,Media,"porque no soy obrera, ni soy dueña de los medios de producción","clase, trabajo"
141,Media,"PORQUE TENGO ACCESO A LA EDUCACIÓN UNVERCITARIA, ESTOY TRABAJANDO, ME VOY DE VACACIONES, SE PUEDE PROGRESAR, CON ESFUERZO","educación, trabajo, vacaciones, progresar, esfuerzo"
769,Media,POR LA FORMA EN QUE VIVE,vivienda
286,Media,"porque conozco todas las clases por mi trabajo, mi deporte","trabajo, deporte"
120,Media,por mi nivel de consumo,consumo
238,Obrera,siempre han trabajado,trabajo
473,Media,"PORQUE ME FALTARIA UN POCO MAS PARA ESTAR EN LA CLASE MEDIA ALTA. TENER UNA CASA PROPIA Y VIVIR SOLO, EN UN SOLO TERRENO. IGUAL LES PAGO UNA ESCUELA PRIVADA A MIS HIJOS PARA QUE TENGAN UN ESTUDIO DIGNO","clase media alta, casa propia, vivir solo, terreno, escuela privada, estudio digno"
278,Media alta,PORQUE TENGO ESTUDIO Y TRABAJO,"educación, trabajo"
51,Obrera,porque labura,trabajo
194,Obrera,"PORQUE LA REMO, TRABAJO PARA VIVIR Y MANTENER A MIS HIJOS","trabajo, familia"
856,Obrera,"porque para mí hoy en día no existe la clase media, por lo menos en mi entorno","clase media, entorno"
610,Baja,porque no puedo a veces cubrir mis necesidades básicas,necesidades básicas
416,Obrera,"PORQUE SOY UN LABURANTE, NO HAGO OTRA COSA QUE LABURAR",trabajo
1022,Media,por la edad que tiene no va adelantar más,edad
620,Baja,no llega con la mínima.con una carrera de 20 años de servicio al darle el retiro cobra $1.800,"carrera, retiro, ingresos"
328,Media,"porque tengo una casa, un auto",vivienda
1119,Obrera,siempre trabajo para poder vivir no le falta pero tampoco le sobra,"trabajo, vivienda"
737,Obrera,"lo que único que hace para vivir, más allá de lo que a uno le guste, es trabajar",trabajo
892,Media,"porque no vivo en un barrio muy humilde, puedo pagar mis impuestos","vivienda, impuestos"
110,Media,"por los ingresos, educación","ingresos, educación"
837,Media,PORQUE TENGO LO JUSTO Y NECESARIO CON ESFUERZO,ingresos
786,Media,porque trabaja y porque vive relativamente bien,"trabajo, calidad de vida"
29,Media,porque tengo un nivel que me permite acceder a lo indispensable,"nivel, indispensable"
373,Obrera,SI NO SE TRABAJA SE MUERE DE HAMBRE,"trabajo, hambre"
1000,Obrera,porque lo mío fue siempre laburando,"laburando, trabajo"
158,Baja,"PORQUE NO ALCANZA EL DINERO PARA COMPRARSE UNA CASA, YA ESO PARA MI ES BAJO","ingresos, vivienda"
303,Obrera,por el tema económico más que nada98,ingresos
623,Media,porque trabajo y tengo recursos,"trabajo, recursos"
426,Media,"porque tengo un trabajom mi marido también, pero vivimos ahí, al día, no nos sobra","trabajo, vivienda"
583,Media,"tengo trabajo, casa, auto","trabajo, vivienda, transporte"
188,Media,por el estatus y las cosas a las que puedo acceder. No me puedo quejar,"estatus, acceso"
666,Media,ASI LO CLASIFICA EL SISTEMA ESCOLAR,educación
465,Media,porque somos gente laburante,trabajo
826,Media,PORQUE TRABAJA BIEN Y NO TIENE NCESIDADES MONETARIAS,"trabajo, necesidades monetarias"
395,Obrera,porque trabajo para vivir,trabajo
185,Media,"PORQUE MANTENGO UNA CASA, TENGO LABURO. COMPARTIMOS GASTOS CON MI VIEJA. CON ELLA TENEMOS UN AUTO. NO TENEMOS PROBLEMAS ECONÓMICOS","casa, trabajo, gastos económicos, auto"
823,Media,porque mi standard de vida me hace pensar,standard de vida
365,Obrera,"Y PORQUE NO TENGO YATE, CASA GRANDE, ME VOY DE VACACIONES DE VEZ EN CUANDO","ingresos, vivienda, vacaciones"
206,Media,simplemente porque tengo la posibilidad de seguir trabajando pero muchas veces por las circunstancias de estar sin dinero.sucede mucho eso en nuestra profesión,trabajo
672,Obrera,porque trabajo,trabajo
319,Media,"PORQUE LOS EXTREMOS SON MALES, NADA QUE LLEGUE A LOS EXTREMOS ES TOTALMENTE BUENO.",extremos
418,Obrera,"PORQUE YO TRABAJO, MI MARIDO TRABAJA, SIN TRABAJO NO LLEGAMOS A NINGUN LADO",trabajo
153,Media,"POR MI NIVEL SOCIOECONÓMICO Y TAMBIÉN POR CONSUMOS, CULTURAS (INTERESES, LITERATURA, CINE, TIPO DE MÚSICA)","nivel socioeconómico, consumos, culturas, intereses, literatura, cine, música"
420,Obrera,"PORQUE PERTENECE A LA GENTE QUE SI NO TRABAJA NO PODES VIVIR, NO SOS NADIE EN REALIDAD","trabajo, vivir"
336,Obrera,PORQUE NO FUI CAPAZ PARA AVANZAR MAS NI APROVECHAR LOS BUENOS MOMENTOS,"capacidad, momentos"
574,Media,"porque no vivo como me gustaría vivir, con más placeres.megustría irme al caribe de vacaciones como hacen muchos, tener una vivienda mejor, un auto nuevo, ayudar a mis hijos.la plata no hace la felicidad pero ayuda a vivir","vivienda, auto, hijos, dinero, placeres"
772,Media,solo por una cuestión de ingresos,ingresos
740,Obrera,porque tiene que trabajar para vivir,trabajo
405,Obrera,PORQUE TENGO UN TRABAJO ESTABLE Y UNA BUENA EDUCACIÓN,"trabajo, educación"
852,Obrera,PORQUE SIEMPRE VIVIO TRABAJANDO Y SIEMPRE TRABAJA,trabajo
1141,Media,"porque tengo la herencia cultural de la clase media, el habitus de la clase media","herencia cultural, habitus, clase media"
391,Media,"por lo que tenemos, por los ingresos",ingresos
19,Media,porque es ahí donde estoy,(pertenencia a una clase social no especificada)
851,Media,PORQUE NUNCA LLEGA A TENER TODO LO QUE NECESITA,necesidades
456,Obrera,todo lo que tiene lo hizo trabajando nadie le regaló nada,trabajo
619,Obrera,lo que tiene lo consiguió laburando nadie le regaló nada,laburando
638,Media,"porque puede comprar todo lo que quiere, paga sus impuestos y se puede dar todos los gustos","ingresos, consumo"
421,Obrera,"porque toda mi vida fue así, por mis familiares, por mis padres",familia
1136,Media,"no puedo terminar mi casa, el sueldo de mi marido, la sociedad no nos deja ahorrar, no nos deja avanzar.todo lo que se hace es con esfuerzo","vivienda, ingresos, sociedad, esfuerzo"
571,Media,"principalmente de familia, que son mis padres los que nos posibilitaron a todos el estudio y que no nos falte nada por lo menos hasta que empezamos a trabajar.y ahora no es que falta","familia, estudio, trabajo"
897,Media,"porque tengo lo que conseguí, hasta ahora no tengo que salir a trabajar, mucho no me puedo quejar","trabajo, ingresos"
287,Media,"porque tengo una vivienda, tengo un trabajo, todavía me puedo ir de vacaciones, puedo sostener un auto, no me endeudo, sostengo mi csa, mi negocio","trabajo, vivienda, vacaciones, auto, endeudamiento, negocio"
938,Media,INGRESO SUFICIENTE,ingresos
214,Media,"POR LA IDIOSINCRACIA, CULTIRAL, TIPO DE VALORES, ORIGEN, EDUCACIÓN","cultura, educación"
886,Obrera,"porque tienen que trabajar para sobrevivir, para poder tener algo",trabajo
325,Baja,PORQUE NO ME SOBRA EL DINERO,ingresos
166,Obrera,"PORQUE MI MARIDO LABURA, GRACIAS A DIOS NO NOS FALTA NADA. TENEMOS UN TECHO DONDE VIVIR, QUE ES LO PRINCIPAL.","trabajo, vivienda"
765,Media,POR MIS ESTUDIOS,educación
634,Obrera,trabajé siempre y dependo de un sueldo,trabajo
74,Media,por mi forma de vida,forma de vida
37,Media,"porque tengo un sueldo, por mi mi situación económica","ingresos, situación económica"
627,Obrera,PORQUE TRABAJO Y VIVIO UNA VIDA HONESTA LUCHANDO,"trabajo, vida honesta"
311,Media,"PORQUE TUVE POSIBILIDADES DE ESTUDIAR. TENGO TRABAJO, SOY INDEPENDIENTE ECONÓMICAMENTE. MI NIVEL EDUCATIVO ME PERMITE DESEMPEÑARME COMO PREFESIONAL Y OCMO PERSONA","trabajo, educación, independencia económica"
25,Obrera,por los ingresos,ingresos
773,Media,porque estoy económicaqmente mas o menos normal,economía
705,Media,no soy ni tan rico ni tan pobre,ingresos
291,Media,"POR DESCARTE, NO SE CONSIDERA NI DE LA ALTA NI DE LA BAJA",No se menciona ningún concepto relacionado a la pertenencia de clase en esta respuesta.
602,Media,POR NIVEL CULTURAL,cultura
5,Media,"PORQUE SOY PRODUCTO DE LA CLASE QUE MIGRO A ARGENTINA SIN NADA, SE PREPARO, TRABAJO Y HOY EN DÍA ES LA QUE MANTIENE EL PAÍS","clase, trabajo"
795,Media,PORQUE TENGO ANTIGÜEDAD EN MI TRABAJO TENGO ACCESO AL CREDITO,"trabajo, acceso al crédito"
134,Media,"por el estudio universitario, no soy hija de empresarios o de clase alta98","estudio universitario, clase alta"
400,Obrera,cuando estaba trabajando en la automotriz pertenecía a la clase media.hoy pertenece a la clase obrera porque día a día tiene que ganar para mantener a su familia,"trabajo, familia"
142,Media,POR INTERESES CULTURALES,"intereses, cultura"
590,Media,todo lo que quiere se lo puede comprar,"ingresos, consumo"
171,Media,la única distinción es subjetiva sobre el ingreso,ingresos
376,Media,"el gobierno no me ayuda.por vos mismo te hacés, no necesitás pedir.valerse por sí mismo","gobierno, ayuda, valerse por sí mismo"
935,Obrera,PORQUE SOY SIMPLE Y LABURANTE,trabajo
89,Media,porque es la laburante,trabajo
423,Obrera,por mi historia familiar,familia
546,Media,"PORQUE SOMOS TRABAJADORES, SUELDOS BASICOS","trabajo, sueldos"
431,Obrera,porque siempre trabajé,trabajo
645,Media,"TIENE DONDE VIVIR TIENE UN BUEN TRABAJO, VIVE BIEN","trabajo, vivienda"
676,Media,PORQUE GANA BIEN Y A LOS HIJOS NO LES FALTA NADA,"ingresos, familia"
294,Media,PORQUE TENGO LAS NECESIDADES DIARIAS RESUELTAS,"ingresos, necesidades diarias"
10,Media,"porque tengo necesidades básicas cubiertas, acceso educativas comida","educación, comida"
229,Baja,por la capacidad económica que maneja,ingresos
175,Media,tratan de superarse día a día,superación
797,Media alta,"por la ubicación del domicilio, por las costumbres","vivienda, cultura"
1104,Media,"PORQUE NO VIVO MAL, NO ME FALTA NADA PERO TAMPOCO ME SOBRA, PERO VIVO BIEN",vivienda
779,Media,"porque no soy ni rica ni estoy en la pobreza.no tengo un poder adquisitivo que me permita viajar, pero mis hijos van a colegio privado","ingresos, educación"
109,Media,"pude estudiar, trabajo de lo que estudié, no tengo auto","trabajo, educación, vivienda"
622,Baja,"trabajo demasiadas horas.me va bien pero son demasiadas horas.tengo un nene que casi no lo veo, no lo disfruto","trabajo, familia"
24,Obrera,porque soy una laburante,trabajo
807,Obrera,PORQUE TRABAJA,trabajo
270,Obrera,"PORQUE UNO TIENE QUE TRABAJAR, NO TE DA NADIE NADA. NUNCA HE RECIBIDO NADA DE POLITICOS. NOSTROS SI TENEMOS QUE TRABAJAR, TENEMOS QUE CUMPLIR","trabajo, política"
815,Media,porque me rompo el culo laburando,trabajo
299,Media alta,"PORQUE TERMINE ESTUDIOS, VIVO EN UN BARRIO CON SERVICIOS, TENGO AUTO","educación, vivienda, transporte"
156,Media,"PORQUE NO ME CONSIDERO, NI TAMPOCO LO QUE SE CONSIDERA BAJO, NO ME SOBRA, PERO TAMPOCO ME FALTA",ingresos
853,Media alta,"NO VIVO MAL, VIVO BIEN, TENGO LO QUE QUIERO","vivienda, ingresos, consumo"
358,Media,"PORQUE TRATO DE SOBREVIVIR TODOS LOS DIS, PARA CLASE ALTA ME FALTA UN MONTON",clase alta
924,Obrera,porque si no trabajas no comes,"trabajo, comida"
1117,Obrera,"porque trabaja, trabaja y trabaja",trabajo
801,Obrera,toda mi familia trabajó desde siempre,"familia, trabajo"
26,Media,porque tengo los recursos necesarios para poder vivir,"vivienda, ingresos, recursos"
781,Obrera,Y QUE ESTAS OPRIMIDO POR LAS DOS CLASES SOCIALES DE ABAJO Y DE LAS DE ARRIBA,"clase social, clases sociales"
184,Media,"PORQUE NO ME FALTA UN PLATO DE COMIDA, A MI HIJO EN REALIDAD NO LE FALTA, POR ESO.","comida, familia"
244,Media,"porque tengo estudios, tengo trabajo medianamente estable","educación, trabajo"
1132,Obrera,PORQUE TENGO QUE TRABAJAR MUCHO PARA VIVIR EL DIA A DIA,"trabajo, vivir el día a día"
612,Baja,"porque no tengo un trabajo que sea bien remunerado, porque mis hijas no tienen trabajo y se pusieron a estudiar por no conseguir uno y porque no soy dueña d mi casa","trabajo, ingresos, educación, vivienda"
334,Baja,PORQUE ME ALCANZA EL SUELDO SOLO PARA LOS GASTOS MINIMOS,"ingresos, gastos"
732,Obrera,porque trabajó toda su vida,trabajo
572,Media,porque vivimos al día.tengo la casa porque la heredé sino no podría haber tenido nunca,"vivienda, herencia"
297,Media,POR LUGAR DONDE NACI Y FAMILIA,"familia, lugar de nacimiento"
964,Obrera,se trabaja para otros,trabajo
242,Obrera,porque trabajo para tener lo que tengo,trabajo
7,Media,"porque tuve suerte de que no me faltara nada, estudie en la escuela de primer nivel y a la universidad que me permitió conseguir un buen trabajo","estudio, trabajo"
269,Media,"PORQUE NO CREO QUE SEA DE UNA CLASE BAJA NI TAMPOCO ALTA, UNO LO MIDE POR EL TEMA ECONÓMICO, PODES VIVIR CON LO JUSTO Y NECESARIO","clase baja, clase alta, tema económico"
946,Obrera,PORQUE SIEMPRE TRBAAJO Y LO QUE TIENEN LO HICIERON TRABAJANDO DURO,trabajo
64,Media,"PORQUE TENGO UN DETERMINADO NIVEL DE EDUCACIÓN, UN NIVEL ECONÓMICO ADECUADO A LO QUE NECESITO. NO PASO HAMBRE","educación, ingresos, necesidades básicas (hambre)"
923,Obrera,porque trabajo,trabajo
284,Media,por los ingresos que tiene y por como vive,"ingresos, vivienda"
922,Media,"porque tenemos una entrada de dinero, no somos ricos pero se puede comer","ingresos, comida"
241,Baja,"no gano mucho, lo justo para vivir y hasta ahí",ingresos
442,Obrera,sí o sí tienen que trabajar,trabajo
374,Media,"NIVEL DE INGRESO, NIVEL EDUCATIVO","ingresos, educación"
761,Media,PORQUE VIVO MAS O MENOS BIEN. CLASE MEDIA BAJA,ingresos
630,Media,POR EL SUELDO Y LA EDUCACIÓN,"ingresos, educación"
654,Media alta,POR EL TRABAJO QUE HACE Y EL AHORRO QUE TIENE,"trabajo, ahorro"
731,Media,puede darse los gustos hoy en día,"gustos, ingresos, consumo"
762,Media,POR MI PODER ADQUISITIVO,ingresos
925,Obrera,porque todo lo que hago es trabajar,trabajo
952,Baja,"YO ESTUVE SIEMPRE POR CAPITAL, SE NOTA LA DIFERENCIA, ME FALTABAN MUCHAS COSAS","capital, diferencias, necesidades"
813,Media,porque trabajo y estoy bien,trabajo
637,Obrera,porque trabja y otra cosa no hace,trabajo
550,Media,"LO MAS SIMPLO, LO FUNDAMENTAL",ninguno mencionado
1034,Obrera,se la pasa trabajando para poder vivir y mantener a su familia,"trabajo, familia"
940,Media,NIVEL DE INGRESO,ingresos
693,Obrera,porque trabajo y su ganancia no es mucha,"trabajo, ingresos"
40,Media,porque me inculcaron que pertenecía a esa clase social,"cultura, educación"
475,Media,"PORQUE CREEMOS QUE NO ESTAMOS TAN MAL, LABURAMOS COMO PERROS, MAS DE 12H POR DIA",trabajo
833,Obrera,porque yo siempre trabajo,trabajo
66,Media,porque desde el punto de vista económico tengo una renta que me caracteriza y tengo una conciencia de la clase y la condición social que tengo como clase.se reconoce como burguesía nacional / clase media con conciencia de clase,"económico, renta, clase, conciencia de clase, burguesía nacional, clase media"
271,Media alta,por el nivel de educación e ingresos,"educación, ingresos"
674,Media,porque trabajo mucho para conseguir lo que tenemos,trabajo
843,Media,porque siempre tuvo trabajo y construyó sus casas.nunca vivió en una villa o pensión,"trabajo, vivienda"
595,Obrera,porque vivo y viví siempre de mi trabajo,trabajo
152,Obrera,PORQUE SIEMPRE NECESITE TRABAJAR PARA MANTENERME,trabajo
351,Obrera,PORQUE TRABAJO,trabajo
470,Media,está dentro,"-
---"
362,Obrera,PORQUE VIVIMOS DE NUESTRO TRABAJO,trabajo
457,Obrera,"si no trabaja no vive, vive de lo que gana","trabajo, ingresos"
363,Obrera,"POR LA SITUACION QUE VIVO, ESTAMOS CON EL DIA A DIA, HAY RECURSOS QUE NO TENGO","situación, recursos"
198,Media,porque trabajo,trabajo
648,Media,por la situación en que vive,situación de vida
343,Media,"PORQUE NO SOY NI MUY RICO NI MUY POBRE, SUFRO TODOS LOS GOBIERNOS",ingresos
1007,Obrera,ECONÓMICAMENTE TIENE TRABAJA Y SOBREVIVE CON SU SUELDO,"trabajo, ingresos"
202,Baja,PORQUE TIENE POCOS INGRESOS,ingresos
218,Media,"porque ya tiene su techo, sino fuera así estaría en la clase baja,tiene un buen trabajo, vivie sin apuros","trabajo, vivienda, clase baja"
791,Media,PORQUE ME MANTENGO CON EL TRABAJO,trabajo
324,Baja,PORQUE ME LA PASO TRABAJANDO,trabajo
187,Media,"porque tengo acceso a bienes y servicios acordes a la clase media: salud, educación, vacaciones, todo de término medio","clase media, salud, educación, vacaciones"
896,Media,porque no considero que tenga suficientes recursos para llegar a más que eso,"recursos, ingresos"
986,Obrera,yo soy un simple trabajador,trabajo
1014,Baja,"porque primero no tengo terreno, no consigo trabajo","trabajo, vivienda"
71,Media,"tengo un status de vida bueno, no solo no podemos crecer sino que intentamos no caernos, no tenemos chances de ascenso social","status de vida, ascenso social"
873,Baja,porque soy una persona trabajadora.vivo de lo que ingresa desde mi propio esfuerzo.cuesta muchísimo,trabajo
223,Media,tengo la posibilidad de pagar un alquiler y tener una posibilidad de vida que me poermite acceder a varias cosas,"vivienda, calidad de vida"
1126,Media,está en el medio de los ricos y los pobres,ingresos
80,Media,porque no soy rica ni pobre y vivo más o menos con las comodidades resueltas,"ingresos, vivienda, comodidades"
584,Obrera,porque trabajamos todo el día y a veces no llegamos a fin de mes,trabajo
817,Obrera,CONSIDERO QUE LO QUE TENGO LO TENGO TRABAJANDO NO TENGO EL LUJO DE NO TRBAJAR,trabajo
738,Media,"con lo que gana su marido y su hijo viven bien, no les falta nada, tienen su casa, su coche y un buen pasar","ingresos, vivienda, coche"
239,Obrera,porque siempre trabajó en lo que pudo para seguir adelante,trabajo
711,Obrera,NS NC,"No existe una respuesta específica, ya que ""NS NC"" significa ""No Sabe/No Contesta"", lo que indica que la persona encuestada no sabe o no quiere responder a la pregunta."
651,Obrera,PORQUE ES POBRE SE IDENTIFICA CON LA CLASE OBRERA,"pobreza, clase obrera"
1041,Obrera,porque siempre trabajé.de los quince años,trabajo
879,Media,"PORQUE TRABAJAN AMBOS, CON LO QUE TRABAJAN PUEDEN PAGAR ESCUELA DE LOS CHICOS Y SUBSISTIR","trabajo, educación"
474,Media,PORQUE TENGO UN TRABAJO ESTABLE Y APENAS UNO PUEDE MANTENER LO QUE TIENE,"trabajo, estabilidad, mantenimiento"
21,Media,"clase media porque tengo cierto nivel educativo, por instrucción, por comportamiento; ni me sobra ni me falta, las necesidades básicas las tengo satisfechas","educación, necesidades básicas satisfechas"
1121,Media,"PORQUE UNO DISPONE DE UNA CASA, UN COCHE","vivienda, coche"
90,Media,porque en vez de estar cada vez mejor estoy cada vez peor,ingresos
783,Media,POR MIS INGRESOS Y EL ESFUERZO QUE HACEN PARA LOGRAR ALGO,"ingresos, esfuerzo"
52,Media,porque todavía puede comer y pagar alquiler,"comida, vivienda"
346,Media,"porque no me sobra, pero no me falta.tengo que laburar para tener las cosas",trabajo
406,Obrera,TIENE QUE TRBAAJAR PARA LLEVAR DINERO A SU CASA,"trabajo, vivienda"
796,Media,por sus ingresos y porque no le falta nada.tiene casa,"ingresos, vivienda"
102,Obrera,porque hay que trabajar sí o sí,trabajo
652,Obrera,SIEMPRE LA FAMILIA TRABAJO PARA PODER VIVIR AL DIA NO DA PARA MAS,"familia, trabajo"
369,Media,porque tenemos para los gastos necesarios y ahorramos,"ingresos, ahorro"
397,Obrera,porque la familia siempre trabajó para ir superandosé,"trabajo, familia"
82,Media,"por el ingreso, por la vivienda*/","ingresos, vivienda"
32,Media,"PORQUE TENGO UNA POSICIÓN ECONÓMICA BUENA NI MALA NI MUY BUENA, PORQUE TRABAJE TODA LA VIDA, ESTUDIE Y ME JUBILO","trabajo, posición económica, estudios, jubilación"
370,Obrera,por lo que accede,"ingresos, educación"
1145,Media,"por la formación, por el tipo de trabajo que desarrollo","formación, trabajo"
403,Media,PORQUE AUN NO TENGO CASA,vivienda
702,Media,"porque trabajo, tengo una entrada","trabajo, ingresos"
743,Baja,PORQUE NO ALCANZA EL SUELDO,ingresos
1139,Media,porque no soy rico y no soy pobre,ingresos
708,Obrera,es un trabajador,trabajo
659,Media,"por el dinero que entra en la casa.tiene casa, coche, buen pasar","ingresos, vivienda"
921,Baja,porque vivimos al día y no podemos darnos ningún lujo,ingresos
1013,Media,"no sé, porque siempre trabajé",trabajo
686,Media,porque pienso en progresar,progreso
587,Media,porque no soy rica ni pobre,ingresos
1107,Obrera,trabajan los dos y no les alcanza,"trabajo, ingresos"
625,Media,"porque uno a pesar de to tiene techo, agua, trabajo, se puede mantener","trabajo, vivienda"
419,Obrera,ESTA DE ESE LADO,"vivienda, cultura"
38,Media,"porque creo que estructuralmente pertenezco, pero mantenerla cuesta mucho","estructuralmente, coste"
869,Obrera,"PORQUE NO ESTOY LLENO DE PLATA, TODOS TRABAJAMOS EN LA CASA","ingresos, trabajo, vivienda"
318,Media,PORQUE ES UNA CLASE TRABAJADORA Y VIVE CON CIERTO NIVEL DE EDUCACIÓN,"trabajo, educación"
668,Obrera,PORQUE TRABAJO,trabajo
845,Media,"porque tiene una casa estable, un trabajo y una familia.no pasa carencias","trabajo, vivienda, familia, carencias"
149,Media,POR LOS NIVELES DE ESTUDIO Y DE INGRESO,"educación, ingresos"
1143,Media,"porque tengo casa, auto","vivienda, auto"
854,Obrera,"SOY LABURANTE, TODOS MIS HIJOS SON OBREROS","trabajo, familia"
13,Media,"PORQUE LO PUEDO VER UN COMPARACION CON EL RESTO, ME DOY CUENTA EL LUGAR DONDE ESTOY","comparación, lugar"
446,Media,"porque plata no tengo, vivo laburando, mi viejo también era de esta clase","trabajo, ingresos, familia"
305,Media,"porque no estoy ni arriba, ni abajo.trabajo y con eso vivo",trabajo
136,Media,tuve educación y buen pasar,"educación, ingresos"
916,Obrera,"tengo trabajo y puedo mantener a mi familia (obrera es lo mismo, porque no tengo propiedad)","trabajo, familia, propiedad"
57,Media alta,porque tengo ciertos accesos y beneficios a los que puedo acceder económicamente,accesos económicos
484,Media,trata de superarse y llega a fin de mes,"superarse, fin de mes"
360,Media,PORQUE TENGO UN BUEN PASAR MAS O MENOS,"ingresos, calidad de vida"
642,Obrera,PORQUE SIEMPRE TRABAJO PARA PODER VIVIR MEDIANAMENTE BIEN,"trabajo, calidad de vida"
348,Media,por mi nivel de vida e ingresos,"ingresos, nivel de vida"
337,Obrera,VIVO TRABAJANDO Y NO AVANZO,trabajo
276,Baja,"PORQUE NO TENGO UNA VIVIENDA PROPIA Y SI NO TENGO LABURO, NO COMO","trabajo, vivienda, comida"
393,Baja,porque no tengo trabajo en blanco,trabajo
1127,Media,sigue luchando para superarse,superarse
469,Obrera,por el hecho que todavía no tiene su casa y no hubo oportunidad para que el gobierno nos permita acceder a ella,vivienda
804,Obrera,"por la forma que me cuesta conseguir empleo, no tengo casa propia","trabajo, vivienda"
965,Obrera,su familia siempre trabajó,familia
989,Media,no tengo ni mucho ni poco,ingresos
573,Media,por el dinero que ingresa a casa,ingresos
827,Media,"PORQUE MAS ALLA DE QUE NO ESTUDIE LO QUE DEBERIA, BUSCO TODOS LOS DIAS PROGRESAR",educación
1122,Obrera,PORQUE SOY TRABAJADORA,trabajo
569,Media,"PORQUE TENGO UNA PROPIEDAD, UN AUTO Y PUEDO MANTENER A MI FAMILIA","vivienda, trabajo, familia"
828,Media,"POR SU NIVEL DE EDUCACIÓN NIVEL DE INGRESOS, EL TRABAJO QUE TIENE, EL BARRIO EN QUE VIVE Y SUS RELACIONES","educación, ingresos, trabajo, vivienda, relaciones"
848,Media,"toma el parámetro económico y considera clase media baja a la que pertenece, por educación clase media-media","ingresos, educación"
760,Media,"VIVO BIN NORMAL, NO PASO HAMBRE","vivienda, comida"
750,Obrera,ES LA PARTE DE LA GENTE HUMILDE QUE SIEMPRE TRABAJA PARA NO MORIRSE DE HAMBRE,"trabajo, alimentación"
463,Obrera,porque son laburantes,trabajo
147,Media,"CLASE MEDIA BAJA, VIVO DPTO CHICO, NO TENGO AUTO, VACACIONES CADA 5 AÑOS","vivienda, ingresos, vacaciones"
467,Obrera,todavía no llego a sus metas,metas
154,Media,POR MI PODER ADQUISITIVO Y MI FORMACIÓN SOCIOCULTURAL,"ingresos, educación, cultura"
429,Obrera,porque siempre trabajé,trabajo
331,Obrera,PORQUE TRABAJO,trabajo
43,Media,porque tengo medianamente acceso a buena medicina y alimentación,"medicina, alimentación"
327,Media,"porque puedo vivir dentro de todo bien, no me falta nada pero tampoco tengo excesos","vivienda, ingresos"
35,Media alta,"POR EDUCACIÓN, ENTORNO, NIVEL DE INGRESO, CALIDAD DE VIDA","educación, ingreso, calidad de vida"
840,Obrera,PORQUE TRABAJO MUCHISIMO,trabajo
698,Obrera,se considera trabajador,trabajo
1015,Media,porque yo me esforcé trabajando para que mis hijos puedan estudiar y tener lo que tengo,"trabajo, educación"
54,Media,porque no es de clase alta ni baja,"clase alta, clase baja"
655,Obrera,POR EL TRABAJO,trabajo
909,Obrera,porque son todos trabajadores,trabajo
537,Media,"por el nivel de vida que tengo.tengo mi propiedad, mi coche, viajo y vivo tranquilo.","propiedad, coche, nivel de vida"
809,Obrera,"PORQUE VIVE, LO QUE GANA PARA COMER Y PAGAR IMPUESTOS","trabajo, ingresos, comida, impuestos"
231,Media,"YO PERTENEZCO SOCIOCULT. CLASE MEDIA ALTA, PERO ECONÓMICAMENTE CLASE MEDIA","clase media alta, clase media"
67,Obrera,porque soy una persona común trabajo siempre,trabajo
824,Media,"por el tema del valor de lo que cobra, el tratar de progresar y el no llegar con la plata","ingresos, progreso, dinero"
919,Obrera,por el nivel de vida que me puedo dar,ingresos
99,Media,"estoy arañando la media, no tengo coche, no tengo vacaciones, llego a fin de mes de culo, vivo con lo justo","ingresos, vivienda"
647,Obrera,hace esfuerzos para vivir,"esfuerzos, vivir"
575,Media,"porque para la clase baja no califico.la clase alta no, porque no tengo plata.la clase media es la que realmente trabaja, es la que sostiene todo","clase baja, clase alta, clase media, trabajo"
122,Media,por los ingresos supuestamente,ingresos
375,Media,POR EL INGRESO QUE LE PERMITE VIVIR HOLGADO,ingresos
715,Obrera,PORQUE TRABAJO TODA LA VIDA,trabajo
301,Media,"porque creo que estoy ubicado ahí, no soy pobre ni tampoco clase media media",clase media media
225,Media,"porque tengo mi casa, mi auto, tengo vacaciones y trabajo","trabajo, vivienda, auto, vacaciones"
999,Obrera,"porque trabajamos, sobrevivimos.no nos falta, pero vivimos al día","trabajo, vivienda, ingresos"
1125,Media,"PORQUE NO ME FALTA NADA DE LO QUE NECESITO, PERO TAMPOCO TENGO SUPER PLATA.",ingresos
45,Baja,porque es muy difícil poder solventar muchas de mis necesidades,"ingresos, necesidades"
372,Obrera,TRABAJA PARA VIVIR,"trabajo, vivir"
717,Obrera,porque trabaja para vivir,"trabajo, vivir"
72,Media,porque trabajo pero tampoco tenemos para todo,"trabajo, ingresos"
227,Media,"porque, digamos, no tengo un sueldo que me permita darme todos los lujos.vivo bien, no me puedo quejar, viéndolo desde la parte económica.aunque hay gente que gana mucho más",ingresos
822,Media,"por el tipo de vivienda, por el estilo de vida, por la educación que le puede dar a sus hijos","vivienda, estilo de vida, educación"
818,Media,POR LO MENOS PUEDO VIVIR SIN SOBRESALTOS CUBRIENDO LOS GASTOS BASICOS,"vivienda, ingresos"
692,Obrera,"el tema del trabajo, si no trabaja no puede mantener a sus hijos","trabajo, familia"
969,Obrera,PORQUE ES UN TRABAJADOR,trabajo
696,Obrera,no tienen nada si no trabajan,trabajo
1003,Obrera,porque trabajo y me esfuerzo para que me quede algo y no alcanza,"trabajo, esfuerzo, ingresos"
585,Obrera,somos los que no llegamos a tener una empresa,empresa
118,Media alta,"porque tengo acceso a contactos que la clase media no tiene, por mi familia","familia, contactos"
728,Baja,PORQUE NO LLEGO A LA SEMANA,ingresos
911,Media,"por el nivel de ingreso, de educación, tener casa propia, auto, etc.","ingresos, educación, vivienda, auto"
458,Obrera,se considera un obrero,trabajo
842,Media,porque trabajamos ambos y tienen para subsistir,"trabajo, ingresos"
350,Media,"tengo donde vivir, no soy rica","vivienda, ingresos"
589,Obrera,porque está luchando hace seis años para salir adelante,"luchando, salir adelante"
186,Media,porque tengo lo que necesito y a la vez n estoy económicamente muy alto. Tengo lo justo,"ingresos, necesidades básicas"
401,Obrera,PORQUE NO NOS FALTA PERO TAMPOCO NOS SOBRA,"ingresos, vivienda"
618,Obrera,todavía la está luchando,lucha
137,Media,por ingresos y estudios,"ingresos, educación"
312,Media,"PORQUE ES EL QUE SIEMPRE SE ESFUERZA PARA SALIR ADELANTE, TENER UNA EDUCACIÓN Y TRABAJO (NO NACISTE CON PLATA)","educación, trabajo"
680,Obrera,SI NO TRABAJA NO PUEDE ALIMENTAR A LA FAMILIA,"trabajo, familia, alimentar"
978,Obrera,POR EL TRABAJO QUE TENGO,trabajo
464,Obrera,porque siempre trabajó,trabajo
169,Obrera,PORQUE SOY UN OBRERO,trabajo
273,Media,"clase media tirando a baja porque no gano mucho, llego y vivo con lo justo, al día",ingresos
215,Obrera,PORQUE SE SIENTE TRABAJADOR,trabajo
197,Baja,porque sobrevivo,sobrevivir
471,Obrera,PORQUE ME TENGO QUE LEVANTAR TODOS LOS DIAS A TRABAJAR SINO TRABAJO NO COMO,"trabajo, comida"
1133,Media,CUESTA AFRONTAR LA REALIDAD ACTUAL EN LO ECONÓMICO Y VIVIR BIEN,"económico, vivir bien"
260,Media,PORQUE NO SOY NI DE CLASE ALTA NI DE CLASE BAJA,"clase alta, clase baja"
427,Media,"no somos ni muy pobres ni tampoco de tener mucha plata, somos…ahí…",ingresos
605,Media,TIENE UN BUEN PODER ADQUISITIIVO,ingresos
576,Obrera,porque es un trabajador,trabajo
1131,Media,NO SOY POBRE NI RICO,ingresos
988,Media,"no soy ni muy pobre ni muy bien, comparando estoy en el medio",ingresos
266,Media,"PORQUE PARA PERTENER A UNA CLASE SOCIAL HAY QUE PERTENECER A UNA CLASE ANERIOR, Y YO EMEPCE MUY POBRE, MUY DE ABAJO, YO ASCENDI","clase social, pobreza"
650,Media,los niveles destatus de vida que tiene,status de vida
151,Media,PORQUE CON MUCHO ESFUERZO PUDE LOGRAR TENER LOS RECURSOS NECESARIOS PARA PODER VIVIR DE UNA MANERA PERO CON MIS NECESIDADES CUBIERTAS,"trabajo, recursos necesarios, necesidades cubiertas"
428,Baja,porque si porque tenes que trabajar como burra para sobrevivir,trabajo
979,Obrera,A LA CLASE TRABAJADORA. FORMO PARTE DEL GRUPO QUE SALE A BUSCAR TRABAJO,"trabajo, grupo, búsqueda de trabajo"
200,Media,"porque tengo una edcuación, una obra social, puedo comer todos los días","educación, obra social, comida"
125,Obrera,se considera obrero,trabajo
962,Obrera,toda su vda trabajó para tener lo poco que tiene,trabajo
411,Media,porque vivo con lo que trabajo y no hago nada más.puedo solventar mi vida y no mucho más,"trabajo, vida, ingresos"
106,Media,"clase alta tiene mejores vacaciones, más posibilidades, mejor nivel de vida","vacaciones, posibilidades, nivel de vida"
884,Media alta,creo que me siento dentro de la mayoría,ninguna
703,Obrera,por mi forma de pensar,No se menciona ningún concepto relacionado a la pertenencia de clase en esta respuesta.
259,Media,"NO ME CONSIDERO POBRE, TENGO RECURSOS CULTURALES AUNQUE ME CUESTA LLEGAR A FIN DE MES","cultura, ingresos"
140,Media,"porque estoy en una situación estable, pero no sobra nada","situación estable, ingresos"
339,Media,PORQUE TENGO SUSTENTO PARA TODAS LAS SEMANAS COCMPRAR EN EL SUPER Y MANDAR A LOS CHICOS AL COLEGIO,"ingresos, consumo, educación"
344,Obrera,PORQUE GRACIAS A LOS OBREROS EL PAIS TIENE LO QUE QUIERE,"trabajo, obreros"
228,Media,"porque trabajo, me alcanza para vivir y comprar cosas","trabajo, ingresos"
987,Obrera,porque somos trabajadores.tenemos que trabajar siempre para mantenernos,trabajo
669,Obrera,TRABAJA DESDE CHICO PARA QUE NO LE FALTE NADA,trabajo
96,Obrera,"porque trabajo y tengo que trabajar para subsistir, no me mantiene nadie",trabajo
1144,Media,por la situación laboral,situación laboral
1118,Obrera,"primero por sus ideas, porque no puede aparentar algo que no es",cultura
92,Media,"PORQUE TENGO ACCESO A LO BASICO, VIVIENDA, TRABAJO","vivienda, trabajo"
251,Media,"POR LAS COSAS A LAS CUALES ACCEDO, MEDIDINA PREPAGA, AUTO, TIENE PARA COMER, SE PUEDE HACER UNAS VACACIONES","ingresos, vivienda, comida, vacaciones"
1138,Media,"tengo para comer, puedo subsistir",comida
494,Obrera,todo lo consigue trabajando con esfuerzo,trabajo
131,Media,"porque tengo que comer, tengo mi auto, mi marido vive de lo que trabaja.tenemos todo lo necesario para vivir","trabajo, comida, vivienda"
658,Obrera,porque nada le vino de arriba y siempr trabajó,trabajo
62,Media,"PORQUE NO TENGO GRANDES LUJOS. VIVO BIEN, HASTA AHÍ","vivienda, ingresos"
300,Media,NO SOY NI POBRE NI MILLONARIO,ingresos
404,Obrera,PORQUE ME CRIE ASI,"familia, cultura"
113,Media,"clase media vivo en una casa mas o menos confortable y no soy de la alta porque no puedo quizás darme algunos lujos no tengo auto, no tengo casa propia","clase media, vivienda, lujos, auto, casa propia"
1123,Media,PORQUE TRABAJARON,trabajo
107,Media,status de vida,status de vida
208,Obrera,por laburante,trabajo
500,Obrera,porque sabe que va a tener que trabajar para llegar a donde él quiere,trabajo
18,Media,"por ingresos, estandar de vida","ingresos, estándar de vida"
560,Media,"PUEDO MANDAR A MIS HIJOS A LA ESCUELA PRIVADA, COMODIDADES QUE POR AHÍ OTRAS PERSONAS NO PUEDEN TENER","educación, privada, comodidades"
341,Media,"SIEMPRE SE PUEDE ESTAR PEOR, TENGO COMIDA, CASA, TRABAJO","comida, vivienda, trabajo"
145,Media,"PORQUE NO TENGO CARENCIAS DE ALIMENTOS, EDUCACIÓN, SALUD","educación, salud"
876,Media,"POR NIVEL DE VIDA, INGRESOS","ingresos, nivel de vida"
875,Media,por mi sueldo y por el trabajo que desempeñaba,"trabajo, sueldo"
330,Media,"porque puedo estudiar sin trabajar, tengo todas las necesidades cubiertas, no me falta nada",educación
33,Media alta,POR LOS INGRESOS QUE TENGO,ingresos
1021,Media,porque dentro de todo tiene lo necesario,necesidades básicas
49,Media,"PORQUE TENGO UN ESTUDIO, CASA, VIAJO UN POCO","educación, vivienda, viajes"
123,Media,porque los índices de ingresos,ingresos
489,Obrera,"siempre trabajó, nadie le dio nada",trabajo
196,Obrera,"porque mi marido es un enfermero, es un obrero, no médico","Trabajo, familia"
894,Obrera,"porque no tengo los estudios, si los tuviese estaría en otra clase",educación
754,Media,PORQUE VIVE BIEN,vive bien
683,Media,"MI MARIDO TRABAJA, PODEMOS COMER","trabajo, comida"
900,Media,porque necesito trabajar para vivr,"trabajo, vivienda"
629,Obrera,POR EL TRABAJO,trabajo
1023,Obrera,"porque siempre trabajó, nunca le faltó para comer","trabajo, comida"
483,Media,porque tiene buen trabajo,trabajo
723,Obrera,viven de su trabajo,trabajo
209,Media alta,"por el conjunto de amigos que tiene, la educación, las actividades que hace, las oportunidades y beneficios que tiene","educación, actividades, oportunidades, beneficios"
1142,Obrera,"por los ingresos, por tener una casa modesta, por no tener vehículo, no poder irse de vacaciones, no tener cable","ingresos, vivienda, vehículo, vacaciones, cable"
183,Media,POR LA CONDICIÓN ECONÓMICA QUE TENGO,condición económica
937,Obrera,SOLO EL TRABAJO PERMITE ACCEDER A CUBRIR LAS NECESIDADES MINIMAS,"trabajo, necesidades mínimas"
146,Media,PUDE ACCEDER A LA EDUCACIÓN Y NO PASE GRANDES NECESIDADES,"educación, necesidades"
920,Media,"porque tengo una casa, un auto, puedo ahorrar algo","vivienda, auto, ahorro"
261,Media,por mi nivel de ingresos,ingresos
794,Media,PORQUE CREO QUE TENGO ACCESO A UNAS COSAS Y A OTRAS NO. UNA CLASE MAS ABAJO NO ACCEDE A LO QUE YO PUEDO,"acceso, clase"
417,Baja,"NO TRABAJO, TENGUNA UNA PENSION MINIMA Y CON ESO VIVO","trabajo, ingresos, vida"
949,Media,"TIENE CASA, TRABAJO Y COMODIDADES QUE LOS POBRES NO TIENEN","trabajo, vivienda, comodidades"
256,Media,"PRIMERO NO CREO PERTENECER A ESA CLASE, ME CONSIDERO UNA PERTENECIENTE A UNA CLASE TRABAJADORA, POR QUE TRABAJO","clase trabajadora, trabajo"
313,Media,POR EL NIVELDE VIDA QUE LLEVO,nivel de vida
367,Baja,"porque sí, porque la clase media vive de otra manera",clase media
245,Media,por la situación que viví durante toda mi vida,situación de vida
472,Obrera,PORQUE ESTOY CON LA GENTE QUE TRABAJA PARA PODER SER MAS,trabajo
255,Media,PRINCIPALMENTE PORQUE MAS O MENOS TENES LA FORMACION CULTURAL ADECUADA PARA TRATAR CON DISTINTA GENTE PERO NO LOS MEDIOS ECONÓMICOS O INGRESO,"formación cultural, medios económicos, ingreso"
614,Media,"porque hoy tenés y mañana no, tenemos cierta estabilidad pero tenemos que mantenerla día a día",estabilidad
68,Obrera,"porque soy un obrero, toda la vida de familia obrera.eso no va a cambiar a pesar que el día de mañana tenga dinero","trabajo, familia, cultura"
792,Media,"PORQUE PUEDO VIVIR SUSTENTANDOME EN MI SUELDO, NO DEBO NADA, PUEDO BRINDARLE UN BIEN PASAR A MI HIJA A PESAR QUE TRABAJO","trabajo, vivienda, familia"
1012,Media,"ni idea, porque se da el país y las cosas así.hay gente que tiene más",ingresos
280,Media,PORQUE TODO LO HICE TRABAJANDO,trabajo
250,Media,NUNCA TUVO PROBLEMAS ECONÓMICOS TODAS LAS HERMANAS ESTUDIAMOS EN LA FACULTAD,educación
262,Media alta,"por el nivel de ingresos, por el nivel de educación","ingresos, educación"
936,Obrera,SI NO SE LABURA NO SE COME,"trabajo, comida"
117,Media,tenemos las necesidades básicas satisfechas y trabajamos los dos,trabajo
263,Media,porque tengo una educación y un trabajo también,"educación, trabajo"
150,Media,"NO VIVO EN UNA VILLA, SOY SOY POBRE, TENGO TRABAJO","vivienda, pobreza, trabajo"
539,Obrera,porque tengo un salario que no es muy grande y cumplo una jornada de trabajo de lunes a viernes bajo dependencia,"trabajo, ingresos"
8,Media,por el nivel de ingresos,ingresos
83,Media,"por formación, techo, comida, título","formación, vivienda, comida, educación"
87,Media,porque puedo alquilar,vivienda
721,Media,"trabaja y nunca le falta el dinero, tiene auto, se está terminando su casa","trabajo, dinero, auto, casa"
12,Media,"POR EL ACCESO QUE TUVE A LA EDUCACIÓN, POR LA AYUDA DE MIS PADRES Y POR MI ACCESO AL CONSUMO","educación, familia, consumo"
383,Media,"porque tiene vehículos, el estilo de vida y el trabajo les permite a sus hijos acceder a toda la tecnología que necesiten","trabajo, ingresos, estilo de vida, hijos, tecnología"
691,Obrera,por las necesidades que pasan,necesidades
1008,Obrera,PORQUE SU VIDA ES TRABAJAR Y TRABAJAR,trabajo
736,Obrera,siempre trabajó en lo que pudo,trabajo
656,Obrera,si no trabajara no podría mantener su casa ya quesu esposo no tiene trabajo estable,"trabajo, vivienda, esposo"
644,Media,TUVO LA OPORTUNIDAD DE TENER EDACACION SALUD Y TRABAJO,"educación, salud, trabajo"
1002,Media,"le parece que tiene un modo de vivir que la favorece, tiene un trabajo estable y siempre tiene changas.con su pareja ganan lo suficiente para vivir bien sin sobresaltos","trabajo, ingresos, vivienda"
382,Obrera,son los que trabajan y siempre están en la misma,trabajo
819,Media,PORQUE NO SOY DE CALSE ALTA NI BAJA,"clase alta, clase baja"
527,Media,bajó su estatus de vida al fallercer su marido hace siete años,"familia, ingresos"
377,Baja,no poder acceder a una vivienda ni a un crédito es que está lejos de todo derecho,"vivienda, crédito, derecho"
1116,Media,por la mentalidad,cultura
548,Media,"PORQUE ECONÓMICAMENTE HABLANDO SE CLASIFICA SEGÚN BIENES, INGRESO Y SU NIVEL DE VIDA","ingresos, nivel de vida"
28,Media,porque ni le falta ni le sobra. Por eso está en el medio. Tampoco estoy trabajando así que no sería obrera,trabajo
1137,Media,"porque no tengo plata, pero puedo lograr algunas cosas (comida, vestimenta)","ingresos, comida, vestimenta"
222,Baja,"porque no tiene trabajo, y no le dan las posibilidades de trabajar en lo que sabe porque …",trabajo
752,Obrera,PORQUE SIEMPRE TRABAJO,trabajo
182,Media,"PORQUE ESTOY EN UN LUGAR INTERMEDIO, MAS CERCA DE LO BAJO","clase social, ingresos, vivienda"
789,Obrera,porque no gana tanto para llegar a ser clase media,"ingresos, clase media"
617,Obrera,hay que trabajar para ganarse el pan si no se muere de hambre,"trabajo, hambre"
977,Obrera,"POR MIS TRABAJOS, POR MI HISTORIA FAMILIAR","trabajo, historia familiar"
667,Obrera,PORQUE SOMOS POBRES,ingresos
192,Media,PORQUE TENEMOS TRABAJO,trabajo
846,Obrera,toda la vida laburó,trabajo
380,Obrera,porque trabaja,trabajo
85,Media,porque puede tener cubiertas las necesidades básicas,necesidades básicas
918,Obrera,"porque los chicos no están mal.no tengo mucho, pero estamos bien",familia
670,Media,POR LA EDUCACIÓN,educación
42,Obrera,porque puedo cubrir mis necesidades básicas gracias a mucho esfuerzo,"necesidades básicas, esfuerzo"
76,Media,"porque tengo una casa propia y mi auto, mis hijos pueden estudiar, me puedo ir de vacaciones, vivo de mi sueldo y el de mi marido","vivienda, auto, educación, vacaciones, ingresos"
601,Obrera,PORQUE ES HUMILDE,humilde
453,Obrera,necesita trabajar para vivir,trabajo
806,Media,"PORQUE SI, PORQUE NO TIENE MUCHO COMO LOS DEMAS PERO TAMPOCO TIENE NADA. ESTA EN EL MEDIO","ingresos, nivel socioeconómico"
788,Media,porque es hasta donde puedo llegar,educación
1004,Baja,porque no tengo estudios,educación
578,Obrera,porque soy un trabajador,trabajo
726,Obrera,PORQUE SIEMPRE TRABAJE,trabajo
444,Obrera,tiene que trabajar para vivir,trabajo
435,Obrera,porque me mato trabajando,trabajo
39,Media,creo que por los recursos económicos,ingresos
381,Obrera,"tiene lo esencial, alimento y una vivienda","vivienda, comida"
714,Baja,PORQUE CARECE DE MUCHAS COSAS Y NO TIENE UN TRABAJO QUE LA SAQUE DEL POZO,"trabajo, ingresos"
342,Obrera,PORQUE TRABAJAMOS,trabajo
34,Media alta,POR MI EDUCACIÓN FUNDAMENTALMENTE,educación
689,Obrera,"porque lo que tenes, lo tenes trabajando",trabajo
3,Media,"PORQUE NO PUEDO, AUN PROGRESANDO, EMERGER ECONÓMICAMENTE","ingresos, progreso económico"
912,Obrera,porque trabajó toda su vida,trabajo
535,Media,trabajan y quieren progresar,"trabajo, progresar"
707,Obrera,si el marido no labura no comen,"trabajo, comida"
361,Media,"TRABAJAMOS, SOMOS LOS QUE MANTENEMOS EL PAIS, LOS DE ARRIBA Y LOS DE ABAJO NO (POR DIFERENTES MOTIVOS)","trabajo, país"
387,Media,PORQUE INDIGENTES NO SOMOS Y TAMPOCO TENEMOS PLATA. SOMOS CLASE MEDIA,"indigentes, clase media"
55,Media,tengo mis necesidades básicas satisfechas y puedo darme mis gustos,"ingresos, consumo"
1010,Baja,POR NO TENER ESTUDIOS,educación
895,Obrera,"porque tengo que trabajar, vivio al día, alquilo y a veces no llego al día","trabajo, vivienda, ingresos"
695,Obrera,siempre salió adelante con lo poco que tenía,"calidad de vida, recursos"
838,Obrera,"PORQUE VIVMOS EL DIA A DIA, NOS ALCANZA LO JUSTO",ingresos
742,Obrera,PORQUE PUEDO ALCANZAR UN MINIMO BIENESTAR PERO GRACIAS A MUCHO ESFUERZO EN EL TRABAJO,"trabajo, bienestar"
58,Media,"porque no soy pobre ni rico, estoy en el medio",ingresos
741,Baja,PORQUE NO LLEGA A FIN DE MES,ingresos
295,Media,POR EL NIVEL DE VIDA QUE LLEVO,nivel de vida
755,Obrera,PORQUE HAY QUE TRABAJAR PARA VIVIR,"trabajo, vivir"
315,Media,"PORQUE TENEMOS TRABAJO, ES DIFICIL CONSEGUIR TRABAJO HOY EN DIA",trabajo
1108,Baja,a veces no llega a fin de mes,ingresos
697,Baja,porque no tiene nada,nada
570,Obrera,TRABAJO PARA VIVIR Y MANTENER A MI FAMILIA,"trabajo, familia"
499,Obrera,porque siempre se ve en la misma situación a pesar que trabaje,trabajo
624,Obrera,porque no creo en la clase media.porque mi familia y yo misma sigo siendo proletariada.obreros como cualquiera.algunos tienen más suerte pero siguen siendo obreros.conciencia de clase,"familia, clase, proletariada, obreros, conciencia de clase"
955,Obrera,SIEMPRE TUVE QUE TRABAJAR PARA OTROS,trabajo
477,Obrera,vive al día,empleado
20,Media,"porque no padezco falta de vivienda, educación, salud, puedo estudiar en la facultad","vivienda, educación, salud"
6,Media alta,ingresos,ingresos
30,Media,"se establece de acuerdo a los ingresos, que en mi casa no los genero yo, pero bueno","ingresos, vivienda"
756,Media,"PORQUE ES LA MAS COMUN, ES LA MAS GRANDE. ILEGIBLE",No se mencionan conceptos relacionados a la pertenencia de clase en esta respuesta.
219,Media,porque viene de familia trabajadora (obrera) a través de los padres pudo acceder a su educación98,"familia, educación"
254,Media,POR EL NIVEL EDUCACIÓNAL Y DE INGRESOS,"educación, ingresos"
790,Media,"porque nadie me regalo nada, tengo mi trabajo, mi auto","trabajo, auto"
316,Media,"PORQUE DENTRO DE TODO TENGO P COMER, TENGO AUTO, NO ME FALTAN COSAS, PERON NO ME PUEDO DAR GRANDES LUJOS, PUEDO MANTENERME PERO NO PUEDO DERROCHAR","trabajo, comida, vivienda"
493,Obrera,"si no se trabaja, nada lo respalda",trabajo
86,Media,"porque tengo mi casa, alquilo, tengo un trabajo estable, me puedo mantener","vivienda, trabajo"
204,Media,PORQUE TIENE TRABAJO SEGURO,trabajo seguro
547,Obrera,"PORQUE TENGO CASA, TENEMOS TRABAJO QUE ALCANZA PARA VIVIR Y ALGO MAS PERO CLASE MEDIA TIENE MAS","trabajo, vivienda, clase media"
543,Media,PORQUE CONSIDERO QUE LA CLASE MEDIA ES LA TRABAJADORA Y LE ALCANZA PARA VIVIR CON LO QUE TRABAJA,"trabajo, clase media"
871,Media,porque trabajo,trabajo
412,Media,"porque satisface sus necesidades básicas, hace viajes, pero no soy alta, ni media alta","necesidades básicas, viajes, clase baja"
785,Baja,PORQUE ME CONSIDERO HUMILDE,familia
116,Media,por mi posición económica más que nada,ingresos
710,Obrera,si no trabaja todos los días no se come,"trabajo, comida"
104,Media,mi condición actual,No se mencionan conceptos relacionados a la pertenencia de clase en esta respuesta.
834,Baja,por los ingresos.pocos ingresos,ingresos
770,Media,XQ VIVE CON LO JUSTO XQ LE CUESTA TODO,ingresos
607,Obrera,porque todo lo que conseguí fue por mi propio trabajo.no recibí ayuda ni herencias,"trabajo, ayuda, herencias"
203,Media,PORQUE SE CONSIDERA UN HABITANTE MEDIO DE LA REPUBLICA,cultura
906,Obrera,"porque tengo que trabajar para sobrevivir, no vivo de renta ni de la ayuda del estado","trabajo, renta, ayuda del estado"
976,Obrera,PORQUE TRABAJE TODA LA VIDA Y LO QUE TENGO LO CONSEGUI TRABAJANDO,trabajo
821,Media,por la cantidad de dinero que sumamos mi pareja y yo,ingresos
559,Media,POR LA SITUACION ECONÓMICA EN LA QUE ESTAMOS,"situación económica, ingresos"
309,Obrera,"porque si no trabaja no come, la subsistencia es a diario","trabajo, comida, subsistencia"
354,Media,PUEDO MANTENERME PERO NO CON LUJOS,ingresos
890,Obrera,"porque hay pobres, pobres y otros muy ricos, y yo soy clase obrera porque siempre tuve que trabajar","clase obrera, trabajo"
112,Media,porque tengo que trabajar para vivir.no tengo una posición acomodada heredada todo me cuesta mucho,trabajo
534,Media,"por capacidad económica, poder adquisitivo alto",ingresos
495,Obrera,"no baja la cabeza, no se da por vencido ni aún vencido",trabajo
631,Obrera,porque trabajé toda mi vida,trabajo
170,Media,"POR LA EDUCACIÓN, TODOS TENEMOS UN TRABAJO","educación, trabajo"
378,Baja,por la situación laboral y no poder acceder a préstamos para poder comprar su casa,"situación laboral, préstamos, vivienda"
812,Media,"porque tampoco tan mal estoy para decir clase baja, ni tan bien para decir otra.estoy en el medio",clase media
744,Obrera,PORQUE GRACIAS A MI TRABAJO PUEDO VIVIR,"trabajo, vivir"
340,Obrera,POR LO QUE GANO,ingresos
753,Obrera,PORQUE SI NO TRABAJA NO TIENE NADA Y QUIERE DORMIR TRANQUILA,"trabajo, seguridad"
533,Media,la educación y la forma de vivir,"educación, forma de vivir"
279,Media,PORQUE TENGO QUE TRABAJAR PARA VIVIR,"trabajo, vivir"
50,Media,"PORQUE NO ME SOBRA NADA, CON LO QUE VIVO ME ALCANZA PARA VIVIR BIEN",ingresos
540,Obrera,porque de hambre no me muero pero tampoco llego a fin de mes,ingresos
844,Obrera,porque siempre trabajó,trabajo
616,Obrera,porque toda su vida trabajó,trabajo
825,Media,porque con lo que gana solventa los gastos que tiene98,ingresos
820,Media,"PORQUE NO TENGO NADA, NO SOY NI RICO NI POBRE","ingresos, vivienda, clase de clase"
831,Obrera,porque somos los que ganamos el dinero trabajando.vivimos del trabajo solamente,trabajo
425,Obrera,porque mis dos viejos fueron laburantes,trabajo
980,Obrera,PORQUE SOY UNA TRABAJADORA,trabajo
682,Obrera,SOMOS TRABAJADORES,trabajo
810,Media,PORQUE TODAVIA SE PUEDE MANTENER,ingresos
292,Media,PORQUE TODAVIA TENGO ALGUNOS RECURSOS PARA ESTAR EN ESA CLASE,recursos
914,Obrera,porque es obrero,trabajo
433,Obrera,porque me gano la plata trabajando,trabajo
839,Obrera,"PORQUE VIVO DE MI LABURO, NUNCA ME DIERON U SUBSIDIO, EL OBRERO TIENE DESIGUALDAD","trabajo, subsidio, desigualdad"
491,Media,por el modo de vida,modo de vida
556,Media alta,NO POR LO QUE ESTA CONSTRUIDO SOCIALMENTE DE PERTENECER. TENGO LOS PROVILEGIOS QUE ME SUPE CONSEGUIR,privilegios
649,Obrera,porque tiene que trabajar para vivir como todo pobre,"trabajo, vivienda, ingresos"
298,Media,VIVO CON LO JUSTO,vivienda
143,Media,"POQUE NO TENGO LOS APREMIOS QUE TIENE LA CLASE BAJA PERO TAMPOCO TENGO LA SOLTURA PARA PODER VIVIR SOLO SIN TRABAJAR O SIN TOMAR DECISIONES EN LAS QUE EL DINERO ES UNA PREOCIPACION O VIAJAR, COMRARSE UN AUTO","trabajo, decisión, dinero, viajar, auto"
302,Obrera,"porque no tuve las posibilidades que tuvo otra gente, no te dan la posibilidad de desarrollarte","posibilidades, desarrollo"
490,Obrera,"se levanta todos los días a trabajar, a ganar el sustento para su familia","trabajo, familia, sustento"
727,Obrera,PORQUE ME TENGO QUE GANAR LA PLATA SIEMPRE TRABAJANDO,trabajo
476,Obrera,"porque labura, no queda otra y alcanza para el mes, no más","trabajo, ingresos"
706,Obrera,tiene capacidad para trabajar,capacidad para trabajar
217,Obrera,porque trabaja y mucho para obtenener lo que quier,trabajo
657,Media,por tener todo lo que se necesita para pertenecer a esa clase social,"vivienda, ingresos, cultura, educación"
335,Baja,PORQUE PUEDO VIVIR GRACIAS A MUCHO ESFUERZO,esfuerzo
747,Obrera,"POR EL TEMA DE QUE EL TRABAJA, LE GUSTA TENER SUS COSAS","trabajo, posesiones"
274,Media alta,porque tengo más privilegios que la mayoría y menos que los más privilegiados,privilegios
927,Obrera,no me alcanza para darme gustos,ingresos
748,Obrera,"TRABAJANDO, NO SE CONSIDERA INDIGENTE",trabajo
243,Media,lo que la gente llama clase media me siento identificada,clase media
1005,Baja,porque no tiene acceso a nada,acceso
604,Media,POR EDUCACIÓN Y PODER ADQUISITOIVO,"educación, poder adquisitivo"
73,Media,"por mi trabajo, lo que tengo y donde vivo","trabajo, vivienda"
1105,Media alta,"POR EL ESFUERZO Y TIPO DE TRABAJO LA VIDA QUE HIZO, PARA PROGRESAR, TENER UN BUEN NIVEL DE VIDA","trabajo, progreso, nivel de vida"
716,Media,porque no está arriba del todo pero tampoco está abajo del todo,"ingresos, clase, familia"
81,Obrera,porque no tiene estudios y tiene que hacer lo que que le enseñaron y aprendió bien,educación
462,Media,"porque se siente pobre, vive distinto de los que tienen plata","pobreza, ingresos, clase"
787,Media alta,porque tengo buen ingreso en mi trabajo,"ingresos, trabajo"
626,Obrera,HAY QUE TRABAJAR NO QUEDA OTRA,trabajo
1106,Media,a base de trabajo no les falta nada,trabajo
199,Media,"porque si bien la remo, vivo cómodamente, llego a fin de mes",ingresos
782,Media,"PORQUE LLEGUE A LA CLASE ESTUDIANDO, TRABAJANDO","estudio, trabajo"
388,Obrera,PORQUE LABURO A FULL PARA CUBRIR Y A PENAS ALCANZA,trabajo
690,Media,porque soy una trabajadora,trabajo
275,Media,"porque no somos ricos, pero tampoco nunca me falta nada",ingresos
31,Media alta,"POR LA PARTE ECONÓMICA A VECES EN ALA MEDIA ALTA, EN NUESTRO PAÍS NO HAY NINGUNA PERSONA QUE PROVENGA DE LAS CLASES ALTAS, NO EXISTIERON NOBLEZAS O REYES O FAMILIAS MUY ADINERADAS, SE FUE HACIENDO","económica, clase alta, noblezas, reyes, familias adineradas"
132,Media,porque diría que mi situación económica es buena,situación económica
951,Baja,PORQUE NOS FALTAN ALGUNAS COSAS Y LO QUE TENEMOS ES CON MUCHO ESFUERZO,"ingresos, esfuerzo"
139,Media,por el nivel económico y educacional,"ingresos, educación"
59,Media,"porque no estoy viviendo mal, o sea puedo tener mi casa pero tampoco tengo super lujo.vivo bien normal","vivienda, ingresos, calidad de vida"
719,Obrera,porque se ganó la vida trabajando,trabajo
248,Media,"PORQUE TENGO BIENESTAR ECONÓMICO PERO LO TENEMOS TRABAJANDO TODO Y ES JUSTO PARA VIVIR, EDUCARSE, COMER","trabajo, bienestar económico, vivir, educarse, comer"
191,Media,"PORQUE LA CLASE BAJA SON LOS POBRES, LO QUE NO TIENEN DONDE VIVIR","vivienda, pobreza"
1134,Obrera,PORQUE TRABAJABAN PARA TENER UN MINIMO DE VIDA DIGNA,"trabajo, calidad de vida, dignidad"
709,Obrera,porque labura y siempre está igual,trabajo
63,Obrera,PORQUE TENGO QUE LABURAR PARA SEGUIR VIVIENDO Y TENGO LO INDISPENSABLE VIV. NO LA CLASE MEDIA DE MIS VIEJOS,"trabajo, vivienda, clase media"
526,Obrera,para tener todo lo que quiere tener tiene que trabajar,trabajo
180,Obrera,PORQUE TRABAJO,trabajo
492,Obrera,trabajó toda su vida,trabajo
700,Obrera,porque viven al día,vivienda
694,Obrera,porque siempre trabajó y cree que es una trabajadora,trabajo
385,Media,"tiene educación, trabajo, casa, buen pasar","educación, trabajo, vivienda, ingresos"
165,Media,"PORQUE ES LA MAS ESTABLE, QUE LO QUE HAGO DE MUCHO TIEMPO PERMANECER CON UNA POSICIÓN DE TRABAJO ESTABLE",trabajo
687,Media,"ni pobre ni rico, una persona que está en el medio",clase media
454,Obrera,tiene que trabajar el día a día,trabajo
410,Media,LE ALCANZA LO QUE GANA Y VIVE BIEN,"ingresos, calidad de vida"
36,Media,por el nivel de ingresos propio y de la familia,"ingresos, familia"
973,Baja,"tengo lo normal, pero me gustaría tener más","vivienda, ingresos"
639,Media,por el trabajo y por el ingreso,"trabajo, ingreso"
349,Media,por lo que tengo y conseguí.me maté trabajando,trabajo
881,Baja,"porque no tengo mucho laburo, pero tengo para comer","trabajo, comida"
749,Obrera,SU VIDE ES PURO TRABAJO,trabajo
802,Media,"porque no estoy ni en la indigencia, yo puedo pagar mis cuentas, lo básico, pero tampoco no sabía","ingresos, vivienda"
70,Media,odia la clase media.primero porque estoy criada en una casa de clase media…el tema del sacrificio y el laburo.es difícil saber de eso y por el poder adquisitivo también soy de clase media,"clase media, sacrificio, laburo, poder adquisitivo"
1111,Obrera,porque trabajé y trabajé siempre98,trabajo
452,Media,no está ni mal ni bien,ninguna respuesta se refiere a conceptos de pertenencia de clase específicos.
713,Media,PORQUE POBRE NO ES,pobre
317,Media,"PORQUE NO ESTOY EN LA INDIGENCIA, NI TAMPOCO EN LA COMODIDAD DE NO TRABAJAR","indigencia, trabajo"
995,Obrera,"LO QUE GANE CON SACRIFICIO, TRABAJANDO SIEMPRE",trabajo
27,Media,porque vivo tranquila pero tampoco tengo tantos lujos,"vivienda, tranquilidad, lujos"
933,Baja,PORQUE MI SUELDO ES MUY JUSTO,ingresos
542,Media,"PORQUE PUDE ACCEDER A UN ESTUDIO, TENGO TRABAJO ESTABLE. ME PUEDO DAR ALGUNOS GUSTOS, NO LUJOS","educación, trabajo, consumo"
173,Media,"tiene educación, casa, auto, tiene los requisitos necesarios","educación, vivienda, auto"
758,Media,PORQUE ME DOY ALGUN GUSTO EN LA VIDA Y EN LA EDUCACIÓN DE MI HIJA,educación
181,Media,"PORQUE TENGO PROPIEDAD, AUTO, MOTOS, TRABAJO Y UN INGRESO NORMAL, NO MAS QUE SO NO VENGO A SER MEDIO ALTO","propiedad, auto, motos, trabajo, ingreso normal"
56,Media,"por la vida que tengo y todo.ni la paso mal ni me sobra, por eos clase media98","vida, clase media"
745,Baja,PORQUE NO TENGO DINERO,ingresos
69,Media,por su nivel de ingresos y modo de vida,"ingresos, modo de vida"
679,Obrera,PORQUE VIENE DE UNA FAMILIA DE TRABAJADORES Y SU ESPOSO ES UN TRABAJADOR,"familia, trabajo"
17,Media alta,porque no soy descendiente de burócratas pero tengo buen pasar por ahora.por nivel de ingresos,"descendiente, burócratas, ingresos"
835,Baja,por el sueldo,sueldo
1030,Obrera,"sale de ahí, del trabajo diario98",trabajo diario
189,Media,"porque estoy en el medio. No soy ni rica ni pobre, vivo bien, tengo casa, le di educación a mis hijos, los ayudé a comprar su casa, pero estamos ahí","vivienda, educación, ingresos"
135,Media,"porque me alcanza, pero no me sobra",ingresos
866,Media,PORQUE MINIMAMENTE PUEDE SUBSISTIR Y LAS NECESIDADES BASICAS LAS TIENE CUBIERTAS,"subsistir, necesidades básicas"
307,Media,por la educación y el nivel de ingresos,"educación, ingresos"
210,Media,porque considero que tengo cosas pero me cuesta llegar a fin de mes.pero me comparo con otra gente y veo que estoy mejor,ingresos
459,Obrera,toda su familia siempre ha trabajado y mucho sin poder salir de la pobreza,"trabajo, familia, pobreza"
608,Obrera,porque trabajo,trabajo
887,Obrera,porque no se identifica con ninguna de las otras,ninguna
990,Baja,yo cobro la asignación y no me dan créditos tengo pocos ingresos,ingresos
778,Media,"porque tengo casa propia, educación y modales","vivienda, educación, cultura"
1110,Obrera,"son humildes, vienen de abajo","humildes, origen social"
249,Media alta,POR EL NIVEL DE INGRESOS,ingresos
174,Media,"no es pobre, viste a su hijo y se da los gustos, viaja…","ingresos, consumo, familia, viajes"
308,Media,"por los estudios, por el ingreso","estudios, ingreso"
767,Media,"TIENE POSIBILIDADES DE EDUCACIÓN, DE UNA ALIMENTACION, TRABAJO","educación, alimentación, trabajo"
201,Media,"PORQUE LAS CLASES SOCIALES ESTÁN DEFINIDAS POR NIVEL DE INGRESO, CONTACTO Y OPORTUNIDADES Y RELACIONES","ingresos, contactos, oportunidades, relaciones"
103,Media,"porque vivo día a día.un día que no trabajo, un día que se me complica",trabajo
124,Media,"por ingresos, por familia","ingresos, familia"
541,Media,"PORQUE SOY DUEÑO DE MI CASA, TENGO UN AUTO, FUI A UN COLEGIO PRIVADO Y MIS HIJOS TAMBIEN","vivienda, educación"
168,Obrera,PORQUE TRABAJO,trabajo
720,Obrera,porque le gusta trabajar,trabajo
48,Media,"DEL TODO POBRE NO SOY, SOY TRABAJADORA, NO TENGO DINERO PERO TAMPOCO SOY POBRE, HAY PERONAS MAS NECESITADAS","trabajadora, pobreza"
23,Obrera,"porque tengo que trabajar, sino laburás no progresas. Sino tenés que ser un garca","trabajo, progreso"
447,Media,"porque trata siempre de superarse, de estar mejor, de darle buena educación a los nietos","superarse, educación"
1009,Baja,"PORQUE NO TIENE CASA PROPIA, NO TIENEN TRABAJO EN BLANCO","vivienda, trabajo"
220,Media,"desde lo cultural, la educación es el primer factor preponderante, casa propia el siguiente, el trabajo conseguido a través de la educación","educación, vivienda, trabajo"
167,Media,PORQUE NO ESTOY DE UN LADO NI DEL OTRO ESTOY EN EL MEDIO,clase media
562,Media,"porque tengo mi vehículo, como todos los días, me voy de vacacines, pero no tengo una casa propia","trabajo, vivienda, ingresos"
855,Obrera,"PORQUE TRABAJAMOS SIEMPRE, NADIE NOS DA NADA",trabajo
678,Obrera,PORQUE SIEMPRE TRABAJO DURAMENTE,trabajo
808,Obrera,PORQUE EL UNICO CAPITAL QUE TUVE ES SU FUERZA DE TRABAJO Y LA VENDE,trabajo
1025,Media,trabajó mucho para tener lo que tiene (ella y su esposo),trabajo
739,Obrera,porque no roba,No hay conceptos mencionados en esta respuesta.
972,Obrera,somos trabajadores lo que tenemos lo hicimos trabajando,trabajo
108,Media,"trabajo, me voy a una vez al año de vacaciones, no tengo autos, hijas y nietas van a escuela pública","trabajo, vacaciones, autos, escuela pública"
95,Media,"PORQUE SOY UN TRABAJADOR CON NIVEL EDUCATIVO IMPORTANTE Y A NIVEL MATERIAL SUPERIOR A LOS DE LAS CLASES POPULARES PERO INFERIOR A LOS DE LAS CLASES ALTAS (A, B, C)","trabajo, educación, clase alta, clase popular"
379,Media,trabajan los dos y están bien,trabajo
129,Media,porque tengo que trabajar para vivir,trabajo
282,Media,porque tengo ingresos correspondientes a ese sector de la pirámide,ingresos
915,Obrera,"todo lo hizo a pulmón, siguió la educación que le impartió su madre",educación
320,Media,"PORQUE TENGO LAS NECESIDADES BASICAS SATISFECHAS, TENGO UN INGRESO QUE ME PERMITE VIVIR, UNA POSICION NORMAL, SE SATISFACEN NECESIDADES","ingresos, vivir, necesidades"
486,Media,"los hijos tienen educación.tiene su casa, hay gente que no tiene para sustentarse, con su trabajo y su renta vive bien","educación, vivienda, trabajo, ingresos"
77,Media,"porque vivo de mi trabajo, estudié en una universidad pública, no recibo rentas ni nada","trabajo, educación, rentas"
364,Media,"COMO TRABAJAMOS, VIVIMOS DE NUESTRO SUELDO, LA CLASE ALTA VIVE DE RENTAS, TENES ACCESO A CIERTOS BIENES, SALIDAS AL CINE AL TEATRO","trabajo, sueldo, clase alta, rentas, acceso a bienes, salidas al cine, salidas al teatro"
917,Obrera,porque laburo mucho,trabajo
998,Obrera,la clase media podía vivir sin trabajar.yo antes era clase media.ahora tengo que trabajar día a día para vivir.la clase media ya desapareció,"trabajo, clase media"
970,Obrera,TODO LO QUE TIENE LA HIZO EN BASE AL TRABAJO,trabajo
974,Media,porque se preocupan más por los demás,"cultura, familia"
829,Media,PORQUE TIENE LO BASICO Y NECESARIO PARA PODER DESARROLLAR SU VIDA,"vivienda, necesidades básicas"
1024,Obrera,por como vive,vivienda
883,Obrera,"porque no puedo pertenecer a otra clase.me falta mucho estudio, otra cosa porque mi aspiración más alta no puede llegar","educación, clase social"
234,Obrera,PORQUE NECESITO LABURAR PARA VIVIR,"trabajo, vivir"
114,Media,"porque no soy indigente, pero tampoco tengo una clase muy alta, un ingreso muy alto",ingresos
323,Obrera,PORQUE VENGO DE FAMILIA TRABAJADORA,"familia, trabajo"
841,Media,porque gracias al trabajo de su marido viven bien,"trabajo, vivienda"
450,Media,porque tengo que trabajar todos los días para comer y tener lo que tengo,"trabajo, comida"
53,Media alta,"ingresos, educación","ingresos, educación"
677,Obrera,SIEMPRE FUE UN TRABAJADOR Y GANA LO JUSTO PARA VIVIR,"trabajo, ingresos, vivir"
882,Obrera,porque vivo trabajando,trabajo
878,Media,PORQUE TUVO LA OPORTUNIDAD DE UN ESTUDIO Y GRACIAS A ESO TUVO LA POSIBILIDAD DE LOS TRABAJOS QUE TUVO Y TIENE,"estudio, trabajos"
582,Media,por cuestiones económicas,económicas
332,Obrera,PORQUE MELA PASO TRABAJANDO,trabajo
414,Obrera,porque alquilando los pesos no alcanzan para nada.ya cien pesos son como si fueran diez,"ingresos, vivienda"
549,Baja,PORQUE TENEMSO SUELDO Y COMEMOS TODOS LOS DIAS PERO NO SATISFACEMOS OTAS COSAS QUE SE NECESITAN,"sueldo, comida"
941,Media alta,PORQUE NO TIENE OTROS REQUERIMIENTOS DE LOS QUE TIENE. ESTA CONFORME COMO ESTA,"ingresos, vivienda, trabajo"
233,Obrera,"NO SOY DE CLASE MEMDIA, MI SUELDO APENAS LLEGA A LA CANASTA BASICA","ingresos, clase media, canasta básica"
880,Media,PORQUE UN JUBILADO NO GANA LO SUFICIENTE QUE TIENE QUE GANRA PARA VIVIR MEJOR,"jubilado, ingresos, vivir mejor"
532,Media,tienen lo justo para pasar el día a día pero no tienen un excedente demasiado grande como una clase media alta,"ingresos, clase media alta"
289,Media,porque se que hay gente mucho más pobre que yo y mucho más rica,ingresos
563,Media,por la posición económica,ingresos
389,Media,"PORQUE DE A POCO SE VA LLEGANDO, PUEDO VIVIR","ingresos, calidad de vida"
366,Obrera,"porque trabajamos para vivir, no nos falta pero tampoco nos sobra, es esfuerzo","trabajo, vivir, esfuerzo"
942,Media,POR SER LABURANTE Y NUNCA TENER MAS DE LO QUE LE DA EL SUELDO,"trabajo, sueldo"
160,Media,PORQUE NO TENEMOS LO SUFICIENTE PLATA PARA SER CLASE ALTA PERO TAMPOCO SOMOS INDIGENTES,ingresos
954,Obrera,PORQUE TRABAJAMOS TODA LA VIDA,trabajo
530,Obrera,porque trabaja mucho para poder salir adelante,trabajo
148,Media,"PORQUE MIS ACTITUDES SON DE LA CLASE MEDIA, NO TENGO PROPIEDADES, NO HAGO VIAJES","clase media, propiedades, viajes"
79,Media,por el poder adquisitivo y el acceso a algunas cosas como la educación,"ingresos, educación"
338,Media,TIENE LO NECESARIO PARA VIVIR,vivienda
1042,Media,me considero trabajador.tengo mi guita.,trabajo
355,Obrera,PORQUE TENGO QUE TRABAJAR MUCHO PARA PODER CUBRIR MIS NECESIDADES BASICAS,"trabajo, necesidades básicas"
371,Obrera,PARA VIVIR NECESITA TRABAJAR,"trabajo, vivir"
561,Media,"porque tengo auto, mis cosas, hay gente que no tiene nada",auto
899,Obrera,porque siempre trabajé y me sacrifiqué por conseguir un mango,"trabajo, ingresos"
9,Obrera,"porque vivo de mi trabajo diario, no tengo ahorros","trabajo, ahorros"
613,Obrera,"soy un tipo laburante, un trabajador",trabajo
724,Media,tiene todo lo que necesita,necesidades
538,Obrera,porque si no trabajo no vive mi familia,"trabajo, familia"
701,Obrera,porque mis viejos trabajaban en fábricas siempre en negro,"trabajo, familia, ingresos"
688,Obrera,porque no tengo propiedades y tengo para comer,"vivienda, comida"
179,Media,"PORQUE NO SOY OBRERO, POR DESCARTE",Obrero
934,Obrera,PORQUE SIEMPRE ESTOY TRABAJANDO,trabajo
830,Media,PORQUE NO CREE QUE EXISTA CLASE MEDIA ALTA O MEDIA BAJA,"clase media alta, clase media baja"
628,Obrera,PORQUE TRABAJO TODA SU VIDA LABURANTE TOTAL,trabajo
799,Media,"por su estatus, por su forma de vida","estatus, forma de vida"
422,Baja,por mi trabajo y la plata que no me alcanza,"trabajo, ingresos"
889,Obrera,"porque siempre estoy igual, llegas justo a fin de mes, vivo al día y no tengo lujos",ingresos
155,Media,"PORQUE TENGO POSIBILIDAD QUE LOS CHICOS ESTUDIEN, VIVO BIEN Y ALGÚN GUSTO","educación, bienestar económico"
430,Obrera,"porque estoy trabajando, no soy bancada…estuve y ahora estoy buscando esperando uno…","trabajo, búsqueda de empleo"
859,Media,"por ideología, por lo que veo en la calle",ideología
211,Media,PORQUE PARA SER MEDIA ALTA HAY QUE TENER OTROS INGRESOS PERO LA PLATA NO HACE A LA GENTE,ingresos
814,Media,"porque no tengo acceso a lo que llegan los políticos gente que está en una muy buena posición económica, clase alta","ingresos, clase alta"
759,Obrera,PORQUE LO QUE TENGO LO GANE TRABAJANDO,trabajo
536,Media,porque es justamente la media.la palabra lo dice,ninguna
1043,Baja,no tenemos nada.todo lo conseguimos trabajando,trabajo
746,Obrera,PORQUE TIENE SU CASA Y NUNCA DEJO DE TRABAJAR,"trabajo, vivienda"
101,Media,"no por razones económicas, si por razones sociales","ingresos, cultura"
836,Obrera,"NOSOTROS TRABAJAMS, NUESTROS PADRES TAMBIEN TRABAJAN, SIEMPRE CON ESFUERZO","trabajo, esfuerzo"
306,Obrera,tiene que trabajar para vivir98,trabajo
128,Media,"por mi estandar de vida, por mis consumos y mis gastos","ingresos, consumo, gastos"
314,Obrera,"PORQUE ME LA PASO LABURANDO, NECESITAO TRABAJAR DURANTE GRAN PARTE DEL AÑO PARA DISFRUTAR DE LAS COSAS, PARA TENER UN MEJOR CONFORT","trabajo, confort"
579,Media,por la cuestión económica,ingresos
860,Media,porque vivimos con lo justo,vivienda
413,Media alta,porque tengo una casa grande 2 autos,"vivienda, autos"
593,Obrera,"porque dependo de mi trabajo, no me queda otra para poder seguir manteniendo mi casa y alimentando a mis hijos","trabajo, vivienda, familia"
1140,Media,"porque trabajo y no le pido nada a nadie, puedo pagar mis impuestos, educar a mis hijos","trabajo, impuestos, educación, hijos"
384,Obrera,porque trabaja mucho para mantener su hogar,"trabajo, vivienda"
111,Media,"porque tengo acceso a una buena educación, una buena salud, y me puedo mantener sola, tengo los servicios básicos cubiertos","educación, salud, servicios básicos"
780,Media,"clase media porque siempre sostuvo todo, porque siempre lo cagaron y le sacaron plata.porque vengo de ahí y vengo de tipos que han trabajado y estudiado","clase media, trabajo, estudio"
460,Obrera,porque no es rica,ingresos
485,Obrera,"porque tengo todo mi vida, lo poco que logré fue siempre con sacrificio, no dependiendo de nadie",sacrificio
265,Media,por ingresos,ingresos
725,Obrera,porque trabaja día tras día todos los días del año,trabajo
699,Obrera,por el sacrificio de toda la vida,sacrificio
580,Media,porque soy trabajadora y tengo mi casa,"trabajo, vivienda"
449,Media,"porque soy comerciante, trabajamos los cuatro en mi casa98","trabajo, familia, vivienda"
1124,Media,PORQUE TENGO QUE SACRIFICARME PARA TENER UN BUEN PASAR,"sacrificio, nivel de vida"
888,Obrera,porque nosotros trabajamos para pagar las cosas,trabajo
264,Media,en salud y educación se considera clase alta,"salud, educación, clase alta"
1044,Obrera,me considero un trabajador humilde,trabajo
565,Obrera,"porque no tengo nada importante, lo único que sé es trabajar",trabajo
1112,Media,porque es dueña de su casa y la compró con trabajo,"trabajo, vivienda"
237,Obrera,hay que trabajar para vivir,"trabajo, vida"
768,Media,PORQUE NO TIENE LUJOS Y NO TIENE FALTAS GRANDES,ingresos
195,Baja,"PORQUE YA HOY NO ALCANZA EL SUELDO PARA VIVIR, NO LLEGAS A FIN DE MES. POR LO TANTO DECIR CLASE MEDIA ES ABSURDO","ingresos, vivienda, calidad de vida, clase media"
874,Media,porque todo lo que tuve lo consiguió con trabajo y esfuerzo,"trabajo, esfuerzo"
1129,Obrera,se considera un trabajador obrero,"trabajador, obrero"
971,Media,porque tengo trabajo pero no tengo mi casa y tengo para comer,"trabajo, vivienda, comida"
252,Media alta,"POR LOS INGRESOS, POR EL NIVEL EDUCATIVO QUE TIENE Y POR EL ACCESO AL SISTEMA DE SALUD PRIVADO QUE TIENE (OSDE) QUE ESA ES UNA GRAN DIFERENCIA RESPECTO A LO QUE NO ESTUDIAN, ESO ES LO QUE ELLA LE DIO A SUS HIJOS","ingresos, nivel educativo, acceso al sistema de salud privado"
1011,Media,porque tengo un poquito más que los pobres,ingresos
164,Baja,"PORQUE SI, SOY HUMILDE YO. VIVO COMO PUEDO CON MI TRABAJO Y TRATE DE DARLE LO MEJOR A MIS HIJOS QUE ES LO MAS IMPORTANTE","trabajo, familia"
975,Media,"porque tengo para comprar ropa, comida y lo que yo quiero","ingresos, consumo, comida"
177,Media,PORQUE SOY UNA PERSONA TRABAJADORA Y LUCHADORA,trabajo
811,Media,"porque soy de trabajo, de progreso y decente","trabajo, progreso"
159,Baja,PORQUE NO TENEMOS UNA CLASE ALTA NOSOTROS,clase baja
443,Obrera,trabaja para poder vivir98,"trabajo, vivienda"
621,Media,porque todo lo que tengo me costó.nadie me regaló nada.como toda la gente que trabaja,trabajo
729,Obrera,PORQUE ME GANO EL PAN TRABAJANDO,trabajo
75,Obrera,"porque no me alcanza para vivir, me financio, vivo adeudada","ingresos, vivienda"
466,Obrera,tienen que trabajar y tienen menos privilegios que otros,"trabajo, privilegios"
558,Baja,PORQUE NO TENGO UN PESO,ingresos
480,Obrera,no llega a fin de mes,ingresos
577,Baja,pido lo justo y necesario,"justo, necesario"
793,Obrera,"PORQUE ES LA CLASE TRABAJADORA, LA QUE TRABAJA",trabajo
1120,Obrera,siempre fue un obrero que depende de otra persona para traer el pan a su casa,"trabajo, ingresos, vivienda"
660,Obrera,"porque toda su vida trabajó, nunca nadie le dio nadaº",trabajo
359,Media,PORQUE NO TENGO LOS INGRESOS QUE POR AHÍ TIENEN OTRA CLASE DE PERSONAS MAS QUE NADA POR INGRESOS,ingresos
913,Obrera,está ahí,vivienda
398,Obrera,"siempre ha trabajado, todo lo que consiguió lo hizo de esa manera",trabajo
908,Baja,porque no tengo trabajo,trabajo
347,Media,básicamente por los ingresos que tengo98,ingresos
176,Media alta,POR INGRESOS QUE TENGO,ingresos
14,Media,"PORQUE SOY DE CLASE TRABAJADORA, ME LEVANTO TODOS LOS DIAS A TRABAJAR",trabajo
751,Obrera,"ES LA UNICA FORMA DE LLEGAR A LO QUE UNO QUIERE LLEGAR, ES ES TRABAJANDO",trabajo
22,Obrera,no tengo tanta ambición de pertenecer a otra,ambición
277,Media,PORQUE NO ME IDENTIFICO CON LA CLASE ALTA,clase alta
172,Obrera,"vivir para trabajar no, trabajar para vivir es lo que siempre hizo",trabajo
757,Media,"ACCEDO A MUCHAS COSAS Q NO ACCEDEN LA CLASE BAJA, PERO NO A LOS DE CLASE ALTA, GASTOS SUPERFLUOS, VIAJES","clase baja, clase alta, gastos superfluos, viajes"
392,Obrera,porque siempre trabajé,trabajo
235,Obrera,UNA TRABAJA TANTO Y EN VEZ DE TENER LO QUE UNO SUEÑA EL GOBERINO TE VA SACANDO Y POR MAS ESFUERZO QUE AHCES ESTAS DONDE MISMO,"trabajo, gobierno"
268,Media,"PORQUE TRABAJO, NO ME FALTA NADA, NADA ME REGALA NADIE, PERO VIVO BIEN DENTRO DE TODO","trabajo, vivienda"
434,Obrera,porque siempre trabajé y yo no tengo guita,trabajo
592,Baja,porque todavía no podemos tener casa propia,vivienda
1006,Obrera,PORQUE GANA PARA PUCHEREAR,ingresos
606,Obrera,"porque trabajo mucho para acceder a los mínimos requerimientos como estudiar, comer, vestirse","trabajo, educación, comida, vestirse"
581,Obrera,porque no soy clase baja por lo monetario.por educación soy de clase media,"ingresos, educación"
531,Media,por la educación que le permite vivir como quiere,educación
1113,Obrera,desde que tiene uso de razón trabaja,trabajo
997,Obrera,porque vivo trabajando; sino trabajo no tengo lo que tengo,trabajo
996,Media,"por el ingreso que tengo, por como vivo","ingresos, vivienda"
2,Media,"POR LOS INGRESOS, EL ACCESO","ingresos, acceso"
253,Media alta,POR LAS POSIBILIDADES QUE TIENE DE ACCEDER A EDUCACIÓN Y A DETERMINADAS RELACIONES,"educación, relaciones"
224,Media,"no daría ninguna aunque daria nada por la casa, estudio y comida que puedo acceder","vivienda, educación, comida"
41,Baja,porque las cosas que puedo conseguir son en base a muchísimo esfuerzo,esfuerzo
929,Obrera,porque nací obrera.porque no soy la hermana de macri,clase social
544,Media,PORQUE CREO QUE EN LA REALIDAD MIA ENCAJARIA ASI,"realidad, pertenencia de clase"
240,Obrera,lucha como cualquier otra persona para salir adelante,"lucha, salir adelante"
402,Baja,PORQUE SIEMPRE NOS COSTO SALIR ADELANTE,trabajo
632,Obrera,porque nadie me dio nada y siempre trabajé,trabajo
236,Obrera,porque trabaja desde chico,trabajo
455,Obrera,toda la vida trabajó en obras,trabajo
448,Media,porque trabajo para comprar lo que consumo,"trabajo, consumo"
872,Media,"porque siempre fue el trabajo, el esfuerzo y tratar de subsistir","trabajo, esfuerzo, subsistir"
646,Obrera,porque trabaja para sobrevivir,"trabajo, sobrevivir"
246,Media,TENGO UNA PROFESION TIPICA DE CLASE MEDIA Y VIVO DE MI TRABAJO,trabajo
296,Media,POR LOS PARAMETROS ECONÓMICOS Y EDUCATIVOS DE LA FAMILIA MAS QUE NADA,"familia, educación"
636,Obrera,porque siempre ha trabajado para sobrevivir98,trabajo
119,Media,y media alta no creo que sea.no poseo bienes para ser de otra clase.tengo la posibilidad de pagarme los estudios y mantenerme con mis estudios,educación
551,Media,porque tengo un auto y puedo pagar alquiler e impuestos,"vivienda, ingresos"
368,Media,"por la posición, tengo mi casa, buenos trabajos, somos independientes","vivienda, trabajo"
774,Obrera,porque trabajo y no tengo muchos recursos económicos.no alcanza para cubrir todo lo que necesito,"trabajo, recursos económicos"
944,Media,PORQUE VIVIO Y SE MANTUVO CON UN SUELDO TODA SU VIDA,"trabajo, ingresos"
832,Obrera,porque no tengo demasiado y tampoco soy pobre,"ingresos, vivienda, cultura"
272,Media alta,por el estandar de vida,estandar de vida
247,Media,"PORQUE TODAVIA ME PUEDO DAR ALGUN GUSTO, AUNQUE NO TODOS LOS QUE QUISIERA NO SOY, CLASE BAJA PORQUE TODOS TENEMOS OBRA SOCIAL, COMEMOS, NOS VESTIMOS","obrasocial, comida, vestimenta"
487,Obrera,hay que trabajar para vivir,"trabajo, vivir"
216,Obrera,"se pasa trabajando y medianamanete se da los gustos, se va de vacaciones con su hija","trabajo, vacaciones, familia"
478,Obrera,porque trabaja siempre y vive sola,"trabajo, vivienda"
712,Media,PORQUE LE ALCANZA PARA MANTENER A SUS HIJOS Y VIVE SIN SOBRESALTOS,"ingresos, familia"
345,Obrera,PORQUE LO QUE GANAMOS ALANZA PARA LO ELEMENTAL,ingresos
61,Obrera,PORQUE SOMOS LOS QUE TODOS LOS DIAS LABURAMOS,trabajo
178,Baja,PORQUE NO TENGO INGRESO ECONÓMICO FIJO,ingresos
567,Obrera,PORQUE DEPENDEMOS DEL TRABAJO,trabajo
681,Obrera,NO LOGRO ALCANZAR OTRAS METAS PARA PERTENECER A OTRAS CLASES,"metas, clases"
948,Obrera,TODO LO QUE TIENE LO HIZO TRABAJANDO JUNTO A SU MARIDO,"trabajo, familia"
926,Obrera,porque toda la vida se mató laburando.nadie le regala nada,trabajo
162,Media,POR EL ESTATUS DE VIDA QUE LLEGO,"estatus de vida, ingresos"
1135,Media,PORQUE SOMOS GENTE TRABAJADORA Y HUMILDE,"trabajo, humilde"
497,Baja,por los recursos que maneja,recursos
144,Media,"ALTO NO SOY, BAJO TAMPOCO, POR DECIRTE, POR LAS CONDICIONES DE VIDA",condiciones de vida
653,Obrera,"VIVEN DEL TRABAJO, LO QUE PUEDEN HACER",trabajo
84,Obrera,por lo que gana,ingresos
858,Obrera,"porque nosotros trabajamos, si no trabajaramos no tendríamos nada",trabajo
910,Media,no me falta ni me sobra,ingresos
609,Obrera,porque toda la vida trabajé,trabajo
953,Obrera,PORQUE ASI NOS TILDAN,cultura
100,Media,"porque estoy bien, tengo trabajo, puedo mantener mi departamento.gracias a mis esfuerzos puedo seguir adelante","trabajo, vivienda"
1045,Baja,porque estoy sin laburo.con dificultades económicas,"trabajo, dificultades económicas"
735,Obrera,tiene que trabajar para tener lo que quieren,trabajo
115,Media,"como lo pensamos tiene que ver con la formación elegida, el trabajo y la economía los ingresos económicos","formación, trabajo, economía, ingresos económicos"
482,Obrera,siempre trabajaron,trabajo
93,Media,"TUVO LA SUERTE DE NACER EN UN HOGAR DE CLASE MEDIA, ME PUDIERON BRINDA EDUCACIÓN, UN MONTON DE COSAS","educación, clase media"
441,Obrera,le gusta trabajar,trabajo
764,Media,POR MI NIVEL ECONÓMICO,ingresos
97,Obrera,porque fui obrero y es la clase que más me representa,"trabajo, clase obrera"
907,Obrera,porque labura,labura
566,Media,POR EL NIVEL EDUCATIVO,educación
190,Obrera,porque somos laburantes. Aunque la clase obrera también estaría dentro de la clase media,clase obrera
722,Obrera,se dedica a trabajar,trabajo
94,Media,"PORQUE NO SOY OBRERA NI ALTA, ALQUILO UNA CASA",vivienda
784,Media,"PORQUE CUMPLE CON LOS ESTANDARES DE CLASE MEDIA, UNA CASA MEDIA UN TRABAJO","trabajo, vivienda"
718,Obrera,tiene que trabajar para la educació,"trabajo, educación"
931,Media,PORQUE ME MANEJO CON MI TRABAJO NO SOY RICO PERO TAMPOCO POBRE,"trabajo, ingresos"
641,Obrera,SE LA PASA TRABAJANDO,trabajo
213,Media,"POR MIS ESTUDIOS, INGRESOS, FORMA DE VIDA","educación, ingresos, forma de vida"
586,Obrera,porque está sin trabajo y se siente una inútil,trabajo
775,Baja,"por la remuneración que tengo, son escasos los ingresos",ingresos
91,Media,"POR LO ECONÓMICO, TENGO CASA, AUTO","ingresos, vivienda, auto"
564,Baja,por el poder adquisitivo,ingresos
870,Media,POR LOS NIVELES DE VIDA,"ingresos, calidad de vida"
288,Media,"yo sería media baja , porque no soy clase alta ni baja, a nivel adquisitivo","clase media, ingresos"
121,Media alta,por una cuestión de ingresos y calidad de vida a nivel de consumo,"ingresos, consumo"
212,Media,"TENGO TRABAJO, ME VOY DE VACACIONES, VIVO BIEN","trabajo, ingresos, vivienda"
409,Obrera,PORQUE SI NO TRABAJA NO COME,"trabajo, comida"
232,Baja,"DESDE LO ECONÓMICO, POR EL TIPO DE INGRESO, ADEMAS NO ME IDENTIFICO CON OTRAS CLASES, SOY TRABAJADORA, POR EL TIPO DE GUSTOS","ingresos, clase trabajadora, gustos"
432,Baja,porque vivo al día,vivir al día
407,Obrera,TIENE QUE TRABAJAR PARA TRAER EL SUSTENTO A SU FAMILIA,"trabajo, familia"
816,Obrera,MEDIA BAJA PORQUE HAY QUE ESTAR LABURANDO TODOS LOS DIAS,trabajo
161,Media,PORQUE POR EDUCACIÓN E INGRESOS ECONÓMICOS,"educación, ingresos económicos"
704,Obrera,"porque a pesar de los estudios cuesta conseguir trabajo por los sindicatos, la política","trabajo, estudios, sindicatos, política"
603,Media,PORQUE NO ES MUY POBRE NI MUY RICO,ingresos
